iter	RMSE
0	83584236.28
1	80849968.4
2	78259246.6
3	75808248.56
4	73526952.58
5	71431658
6	69405700.32
7	67580285.06
8	65886950.17
9	64309780.15
10	62744470.65
11	61353533.17
12	59979199.25
13	58698280.99
14	57575328.13
15	56572332.4
16	55593923.34
17	54640352.59
18	53759021.64
19	52889472.3
20	52163392.51
21	51434259.52
22	50776942.47
23	50176336.03
24	49601085.64
25	49051888.38
26	48605354.76
27	48112149.44
28	47649750.11
29	47260548.02
30	46912508.62
31	46531754.5
32	46224611.95
33	45925203.34
34	45682152.57
35	45481434.83
36	45241920.16
37	44979425.41
38	44740493.23
39	44515191.84
40	44300156.94
41	44120613.58
42	43932170.46
43	43792409.34
44	43646332.81
45	43500064.17
46	43323590.31
47	43174825.85
48	43002131.58
49	42898711.29
50	42768606
51	42637008.03
52	42576176.98
53	42506270.48
54	42456520.54
55	42400093.83
56	42303257.6
57	42195685.63
58	42109231.44
59	42064301.28
60	42034336.73
61	41982170.27
62	41931541.88
63	41856880.14
64	41755548.6
65	41699099.11
66	41611217.07
67	41579759.35
68	41569837.26
69	41500174.19
70	41480563.39
71	41409054.81
72	41378425.88
73	41362205.75
74	41278096.43
75	41227100.6
76	41195757.98
77	41160316.49
78	41054992.15
79	40953105
80	40939561.95
81	40872698.76
82	40839839.9
83	40809380.2
84	40801401.69
85	40790850.58
86	40690346.4
87	40657027.17
88	40635042.28
89	40596797.25
90	40557244.28
91	40542454.63
92	40523689.15
93	40502391.01
94	40498122.86
95	40442494.64
96	40402625.72
97	40397042.63
98	40393207.37
99	40325808.92
100	40323000.5
101	40295598.62
102	40293989.91
103	40238442.42
104	40232010.77
105	40225420.97
106	40223395.41
107	40154561.3
108	40128076.65
109	40037352.14
110	39975455.8
111	39935828.5
112	39932303.98
113	39929491.41
114	39903268.32
115	39902367.23
116	39900798.31
117	39897501.89
118	39894706.13
119	39893642.15
120	39892899.28
121	39892212.05
122	39890053.96
123	39786405.03
124	39740490.62
125	39736564.05
126	39731231.29
127	39730362.85
128	39729967.32
129	39697199.56
130	39696285.19
131	39672293.29
132	39671879.96
133	39669817.52
134	39667940.14
135	39667584.89
136	39664206.64
137	39664073.14
138	39663321.66
139	39586241.74
140	39585693.74
141	39521248.95
142	39520168.43
143	39477135.51
144	39476743.93
145	39476267.97
146	39476120.86
147	39400109.71
148	39399999.16
149	39398535.97
150	39398230.31
151	39378078.07
152	39337232.41
153	39336865.49
154	39336576.73
155	39287484.63
156	39287117.24
157	39234961.6
158	39234617.67
159	39234016.87
160	39175769.68
161	39148029.48
162	39147724.05
163	39114361.54
164	39058166.32
165	39057746.49
166	39057278.54
167	39025477.89
168	39025449.44
169	39025425.37
170	39025154
171	39024900.14
172	38987323.18
173	38955353.62
174	38955173.84
175	38954950.21
176	38954739.74
177	38954733.16
178	38954682.74
179	38877091.94
180	38844189.57
181	38752764.57
182	38752398.73
183	38748100.93
184	38747955.46
185	38747607.2
186	38719884.49
187	38719752.15
188	38683408.8
189	38677217.61
190	38676864.3
191	38676851.05
192	38676669.98
193	38676499.95
194	38604266.19
195	38604111.33
196	38604106.9
197	38557788.01
198	38494976.97
199	38494531.03
200	38494373.5
201	38494224.85
202	38494209.32
203	38493687.93
204	38493570.34
205	38459396.1
206	38459260.64
207	38459187.36
208	38365711.88
209	38362352.56
210	38362336.98
211	38362156.65
212	38362138.84
213	38362011.94
214	38337955.84
215	38283686.21
216	38283677.29
217	38283670.6
218	38257549.44
219	38249440.56
220	38249431.63
221	38249302.12
222	38248770.7
223	38211836.37
224	38171919.77
225	38171913.05
226	38105115.4
227	38105005.57
228	38104671.61
229	38104662.65
230	38048414.99
231	38048401.52
232	38048257.86
233	38048100.74
234	38048067.07
235	38047896.47
236	38047889.74
237	38047885.25
238	38047880.76
239	38047741.59
240	38047570.99
241	38045216.22
242	38009086.25
243	38009077.26
244	38009075.02
245	37993637.38
246	37973391.97
247	37972427.1
248	37972292.15
249	37972161.7
250	37972020
251	37932321.61
252	37932317.1
253	37921456.44
254	37859351.52
255	37834885.53
256	37745720
257	37717815.66
258	37662594.64
259	37662586.7
260	37638546.46
261	37636073.06
262	37594278.67
263	37557362.44
264	37557224.86
265	37556983.81
266	37526497.21
267	37525544.74
268	37492089.56
269	37425415.8
270	37400117.89
271	37343768.44
272	37329954.62
273	37329457.01
274	37325751.6
275	37312717.36
276	37246684.43
277	37246621.37
278	37244720.44
279	37230180.54
280	37227839.46
281	37195541.27
282	37170343.1
283	37145187.61
284	37117874.13
285	37117706.16
286	37117502.53
287	37117352.97
288	37117340.31
289	37110559.91
290	37110043.24
291	37083550.26
292	37032940.55
293	37026521.83
294	36985015.41
295	36929458.33
296	36923544.37
297	36921808.39
298	36899339.73
299	36825307.3
300	36805070.11
301	36798266.98
302	36788782.51
303	36786632.73
304	36786387.79
305	36785203.72
306	36780707.4
307	36780622.65
308	36758158.31
309	36758047.94
310	36756981.46
311	36745119.14
312	36720107.29
313	36701495.74
314	36678455.54
315	36674886.94
316	36650824.52
317	36624071.64
318	36609252.58
319	36578040.29
320	36554007.57
321	36530403.25
322	36530286.36
323	36530123.87
324	36529998.79
325	36529885.4
326	36514621.14
327	36513719.47
328	36481080.51
329	36476778.5
330	36452417.78
331	36411787.41
332	36408006.19
333	36388183.55
334	36370988.38
335	36369055.77
336	36357492.06
337	36357462.7
338	36354964.4
339	36331772.6
340	36323960.34
341	36296543.01
342	36274368.67
343	36273641.14
344	36254926.43
345	36195456.39
346	36151710.73
347	36136781.86
348	36091694.37
349	36064067.3
350	36062577.7
351	36039309.13
352	36039311.5
353	36021480.35
354	36020987.18
355	36019353.53
356	35987370.94
357	35929959.91
358	35904142.33
359	35871053.48
360	35870927.29
361	35870776.1
362	35870659.44
363	35850045.36
364	35849888.12
365	35849721.36
366	35833125.84
367	35820357.93
368	35773858.23
369	35773753.18
370	35751505.42
371	35751403.89
372	35733069.36
373	35710559.48
374	35690360.24
375	35668126.31
376	35644988.41
377	35644902.15
378	35644821.88
379	35631691.69
380	35627375.81
381	35624617.74
382	35624549.41
383	35623958.45
384	35610294.13
385	35609652.57
386	35609589.01
387	35609481.09
388	35567851.8
389	35526642.51
390	35513837.77
391	35491442.72
392	35471574.97
393	35470149.57
394	35416736.5
395	35416707.56
396	35416607.49
397	35415382.44
398	35415048.44
399	35414974.89
400	35414509.46
401	35414439.52
402	35407857.64
403	35407793.72
404	35407702.06
405	35361756.23
406	35348558.34
407	35348209.21
408	35337064.3
409	35336063.69
410	35335989.98
411	35335712.03
412	35333575.35
413	35333512.51
414	35321579.55
415	35306392.81
416	35306335.96
417	35306085.6
418	35305433.67
419	35302103.69
420	35296203.79
421	35289926.58
422	35288326.85
423	35288152.59
424	35288083.61
425	35280392.47
426	35248459
427	35231989.93
428	35213893.07
429	35201270.56
430	35201054.62
431	35196235.82
432	35171767.64
433	35170320.38
434	35162083.69
435	35148723.35
436	35120505.28
437	35109127.54
438	35107826.09
439	35107677.69
440	35107433.21
441	35107014.78
442	35086687.16
443	35068618.82
444	35068459.3
445	35064787.75
446	35064541.75
447	35044785.35
448	35043884.85
449	35002418.58
450	35002234.36
451	34971148.32
452	34970821.07
453	34938508.1
454	34935199.38
455	34934887.68
456	34930485.7
457	34930475.92
458	34921303.46
459	34900337.87
460	34899819.08
461	34898645.64
462	34896291.31
463	34896171.39
464	34895816.51
465	34891556.47
466	34855911.35
467	34841261.92
468	34833019.75
469	34807159
470	34806393.44
471	34802173.99
472	34787967.16
473	34779709.91
474	34779681.67
475	34768705.78
476	34768467.51
477	34768461.37
478	34751235.21
479	34746103.31
480	34708340.34
481	34674756.93
482	34652287.88
483	34650509.6
484	34650385.13
485	34649926.67
486	34649908.19
487	34613438.09
488	34601893.61
489	34601372.81
490	34601344.42
491	34598834.1
492	34588752.7
493	34577491.44
494	34571986.66
495	34569164.15
496	34569064.09
497	34568014.08
498	34551670.55
499	34551619.87
500	34549272.79
501	34548936.6
502	34548620.18
503	34548544.78
504	34548013.29
505	34545355.7
506	34545301.31
507	34545251.86
508	34537396.53
509	34537026.84
510	34522457.32
511	34519547.88
512	34517199.85
513	34517144.18
514	34517103.36
515	34510125.13
516	34509167.37
517	34507395.32
518	34506005.58
519	34494664.08
520	34480905.19
521	34480905.19
522	34480636.45
523	34479705.12
524	34479700.16
525	34474571.19
526	34461641.95
527	34450854.79
528	34443177.54
529	34443110.59
530	34442512.99
531	34433890.15
532	34433585.07
533	34433583.83
534	34418018.92
535	34415649.08
536	34414094.33
537	34408407.03
538	34406727.84
539	34406725.36
540	34405733.69
541	34405482.98
542	34404522.3
543	34398569.01
544	34387131.22
545	34375702.05
546	34375659.81
547	34375429.99
548	34372544.13
549	34356088.97
550	34335444.87
551	34335365.28
552	34330604.07
553	34329198.47
554	34329025.57
555	34328987.01
556	34295628.55
557	34290702.42
558	34277306.42
559	34269499.33
560	34269461.94
561	34268052.59
562	34250770.5
563	34250634.6
564	34249708.23
565	34249670.83
566	34247902.81
567	34240988.2
568	34227565.25
569	34211936.56
570	34211736.85
571	34211643.24
572	34211431.05
573	34197593.17
574	34184681.59
575	34183289.98
576	34183047.63
577	34180955.09
578	34180778.93
579	34179966.86
580	34174096.91
581	34164121.41
582	34163440.19
583	34152209.99
584	34140735.95
585	34140727.19
586	34140399.48
587	34139228.72
588	34138850.96
589	34138853.46
590	34136060.19
591	34134224.98
592	34109560.85
593	34109518.29
594	34103016.38
595	34078382.3
596	34074703.07
597	34074050.14
598	34074010.04
599	34046877.94
600	34046407.6
601	34045998.71
602	34032825.1
603	34032756.08
604	34032338.25
605	34031195.13
606	34031162.51
607	34026524.4
608	34026474.2
609	34026472.94
610	34026398.9
611	34026383.84
612	34026381.33
613	34026088.91
614	34016041.14
615	33998534.24
616	33997897.43
617	33997177.71
618	33992735.96
619	33992655.56
620	33992617.87
621	33986130.04
622	33986058.42
623	33985932.78
624	33985877.49
625	33967414.69
626	33967366.92
627	33967268.86
628	33966754.67
629	33965043.58
630	33964095.6
631	33963935.92
632	33963904.49
633	33954550.15
634	33923473.34
635	33923433.05
636	33923426.76
637	33894860.12
638	33894838.7
639	33888809.73
640	33862596.11
641	33860316.04
642	33855655.79
643	33823890.95
644	33823851.81
645	33823851.81
646	33823835.4
647	33823834.14
648	33814783.28
649	33778918.43
650	33778250.94
651	33777067.62
652	33777053.71
653	33767817.07
654	33767002.66
655	33766104.76
656	33766078.2
657	33720005.35
658	33719450.66
659	33718927.63
660	33718901.04
661	33718901.04
662	33718888.37
663	33708921.32
664	33708148.55
665	33708143.49
666	33708072.54
667	33699451.85
668	33699429.04
669	33699408.77
670	33691010.2
671	33691005.13
672	33690984.85
673	33690912.6
674	33690866.97
675	33690074.78
676	33682622.22
677	33677406.09
678	33677404.82
679	33677231.1
680	33672586.09
681	33644960.21
682	33643185.79
683	33634307.24
684	33634260.27
685	33634220.91
686	33634177.74
687	33634039.35
688	33631271.44
689	33628452.51
690	33628434.74
691	33617880.69
692	33617874.34
693	33598936.07
694	33598910.65
695	33588863.5
696	33588845.7
697	33588839.34
698	33588820.27
699	33588497.35
700	33588497.35
701	33588478.28
702	33588478.28
703	33567504.58
704	33567416.8
705	33561929.57
706	33559739.77
707	33551624.43
708	33551385.16
709	33551352.06
710	33550471.3
711	33536421.82
712	33536409.09
713	33536322.5
714	33536197.71
715	33536197.71
716	33533826.68
717	33533811.4
718	33533433.19
719	33532581.25
720	33532562.15
721	33521352.44
722	33511450.24
723	33511451.51
724	33511446.42
725	33503028.77
726	33502984.16
727	33498713.99
728	33479678.98
729	33478738.93
730	33478732.55
731	33478296.32
732	33478255.51
733	33477738.91
734	33477701.92
735	33477676.41
736	33466602.71
737	33466283.71
738	33466254.37
739	33463689.52
740	33453323.48
741	33452358.44
742	33452338.02
743	33451254.23
744	33451244.01
745	33451244.01
746	33451240.18
747	33441554.73
748	33441442.36
749	33433703.2
750	33424632.3
751	33424521.15
752	33424493.04
753	33421941.6
754	33421732.06
755	33421669.45
756	33412604.23
757	33412546.72
758	33412495.6
759	33404850.71
760	33404841.76
761	33404840.49
762	33404834.09
763	33404809.81
764	33401282.67
765	33399941.52
766	33399903.17
767	33399528.55
768	33399279.24
769	33399116.86
770	33391598.08
771	33388368.83
772	33388341.97
773	33374684.86
774	33373326
775	33372971.57
776	33371741.89
777	33369561.36
778	33369406.52
779	33369396.28
780	33367644.32
781	33352074.89
782	33351415.5
783	33350712.56
784	33350634.45
785	33350633.17
786	33346010.54
787	33324271.72
788	33324253.78
789	33324244.81
790	33324246.09
791	33323233.74
792	33300129.76
793	33258299.79
794	33258294.66
795	33249154.07
796	33249112.97
797	33248894.64
798	33248867.67
799	33248859.96
800	33246363.11
801	33246259.07
802	33246253.93
803	33246223.11
804	33235725
805	33201206.38
806	33200357.49
807	33200356.21
808	33200308.62
809	33200302.19
810	33200294.47
811	33150240.89
812	33149402.28
813	33149397.13
814	33143045.73
815	33142977.45
816	33142972.29
817	33135497.2
818	33134070.54
819	33130214.26
820	33129890.74
821	33129888.16
822	33129822.42
823	33128813.16
824	33128813.16
825	33128730.66
826	33127263.75
827	33127262.46
828	33127256.02
829	33127234.1
830	33127210.9
831	33106824.67
832	33095705.59
833	33088605.7
834	33079835.19
835	33079722.88
836	33076229.51
837	33076123.64
838	33075926.11
839	33075336.09
840	33072564.04
841	33072507.22
842	33066837.13
843	33066810.01
844	33062524.84
845	33059278.95
846	33059268.61
847	33059241.49
848	33053250.02
849	33035841.72
850	33035806.81
851	33035525.02
852	33034110.85
853	33034110.85
854	33033734.68
855	33031990.77
856	33031680.51
857	33031676.63
858	33031606.82
859	33031562.86
860	33031537.01
861	33028713.44
862	33023421.18
863	33023201.35
864	33003195.97
865	33002376.92
866	32989766.45
867	32969138.51
868	32969060.79
869	32954442.08
870	32954434.31
871	32953751.41
872	32953746.22
873	32951714.28
874	32951715.58
875	32951715.58
876	32951666.33
877	32950441.66
878	32918282.02
879	32918272.94
880	32918265.15
881	32916465.83
882	32916465.83
883	32916406.16
884	32904593.32
885	32904497.29
886	32902119.67
887	32902115.78
888	32890334.16
889	32890332.87
890	32889927.78
891	32885111.83
892	32885111.83
893	32879597.75
894	32879592.55
895	32879560.08
896	32878522.35
897	32878517.16
898	32878514.56
899	32837946.02
900	32837940.82
901	32830518.54
902	32828173.28
903	32824791.03
904	32824651.83
905	32824618.01
906	32824619.31
907	32824619.31
908	32812549.59
909	32812533.97
910	32807417.7
911	32804179.11
912	32804175.21
913	32800073.14
914	32788967.26
915	32787528.12
916	32787526.82
917	32786703.69
918	32782613.76
919	32782613.76
920	32781971.57
921	32781269.45
922	32777418.56
923	32777401.63
924	32777385.99
925	32777376.87
926	32777371.66
927	32777357.33
928	32777353.42
929	32777030.32
930	32776946.94
931	32776847.93
932	32773479.93
933	32773148.97
934	32770115.49
935	32769995.61
936	32769979.97
937	32769707.62
938	32758654.01
939	32758652.71
940	32753144.71
941	32739445.67
942	32739371.32
943	32739371.32
944	32738880.89
945	32738870.46
946	32738870.46
947	32736612.56
948	32735391.58
949	32735381.15
950	32735369.41
951	32735352.45
952	32723608.67
953	32723606.06
954	32723604.75
955	32723604.75
956	32723034.48
957	32722171.88
958	32722173.19
959	32706889.24
960	32705268.93
961	32705057.4
962	32696709.04
963	32696699.9
964	32695935.86
965	32695930.64
966	32689680.55
967	32689674.02
968	32689117.53
969	32688841.89
970	32688376.83
971	32685436.08
972	32685406.03
973	32684466.66
974	32684445.75
975	32684445.75
976	32684180.53
977	32684180.53
978	32682821.71
979	32682816.48
980	32682122.68
981	32682120.07
982	32682112.23
983	32682108.31
984	32682066.5
985	32682066.5
986	32682065.19
987	32661712.28
988	32661710.98
989	32661710.98
990	32649506.48
991	32649477.71
992	32649165.11
993	32648907.45
994	32646381.72
995	32643861.03
996	32643548.38
997	32643027.73
998	32642433.82
999	32641177.92
1000	32641180.54
1001	32641158.3
1002	32632561.96
1003	32632501.77
1004	32632501.77
1005	32632428.48
1006	32632427.18
1007	32632331.65
1008	32615759.21
1009	32615739.57
1010	32615551.03
1011	32615548.41
1012	32614427.65
1013	32614219.47
1014	32586531.08
1015	32586527.15
1016	32585662.25
1017	32585510.23
1018	32585499.75
1019	32584958.51
1020	32584955.89
1021	32577811.54
1022	32570128.07
1023	32570130.69
1024	32569957.63
1025	32569952.38
1026	32569172.26
1027	32568823.5
1028	32568633.38
1029	32568428.84
1030	32557354.11
1031	32557335.75
1032	32548992.79
1033	32548990.16
1034	32548975.73
1035	32548966.55
1036	32548962.61
1037	32513390.48
1038	32513049
1039	32512999.09
1040	32512978.08
1041	32509530.2
1042	32509527.57
1043	32509523.63
1044	32509517.06
1045	32509358.12
1046	32496845.43
1047	32496444.64
1048	32494642.99
1049	32494624.59
1050	32487954.6
1051	32487761.38
1052	32487695.66
1053	32481607.96
1054	32481600.07
1055	32481601.39
1056	32478908.82
1057	32478903.56
1058	32478230.38
1059	32478227.75
1060	32478225.12
1061	32478222.49
1062	32478221.18
1063	32475264.03
1064	32472978.59
1065	32472890.49
1066	32472672.19
1067	32472662.99
1068	32472632.74
1069	32467106.47
1070	32467092.01
1071	32463544.54
1072	32463393.27
1073	32458949.5
1074	32458945.55
1075	32458945.55
1076	32458032.52
1077	32458021.99
1078	32457970.68
1079	32452532.71
1080	32452372.18
1081	32451839.25
1082	32451830.04
1083	32451714.24
1084	32451711.61
1085	32451708.98
1086	32450731.26
1087	32450732.58
1088	32450160.14
1089	32449012.61
1090	32441915.98
1091	32437215.19
1092	32437213.87
1093	32437212.56
1094	32435557.7
1095	32434994.22
1096	32434994.22
1097	32434992.9
1098	32433880.39
1099	32433877.75
1100	32433872.49
1101	32433873.8
1102	32433855.37
1103	32433706.59
1104	32429074.4
1105	32429065.18
1106	32428679.36
1107	32428117.07
1108	32428114.43
1109	32428114.43
1110	32427541.6
1111	32427438.89
1112	32420844.64
1113	32419465.56
1114	32414866.9
1115	32414865.59
1116	32414849.78
1117	32412384.86
1118	32412386.18
1119	32412375.64
1120	32412373
1121	32412370.37
1122	32412341.38
1123	32412341.38
1124	32412195.14
1125	32394607.12
1126	32394584.71
1127	32394578.12
1128	32393462.9
1129	32390397.82
1130	32390396.5
1131	32390395.18
1132	32389571.18
1133	32389150.61
1134	32388973.94
1135	32388972.62
1136	32388828.91
1137	32388747.16
1138	32384074.26
1139	32383996.46
1140	32383996.46
1141	32383935.8
1142	32383796.02
1143	32383699.76
1144	32383673.39
1145	32372213.59
1146	32372212.27
1147	32363855.9
1148	32359201.83
1149	32359172.8
1150	32359160.92
1151	32359158.28
1152	32344803.89
1153	32337413.68
1154	32337409.72
1155	32337409.72
1156	32337407.08
1157	32336613.42
1158	32335115.86
1159	32330622.76
1160	32330618.8
1161	32330036.31
1162	32319203.61
1163	32319193.04
1164	32319194.36
1165	32319187.76
1166	32319186.43
1167	32319186.43
1168	32317985.37
1169	32317755.45
1170	32317751.49
1171	32277670.16
1172	32277670.16
1173	32271446.25
1174	32271444.92
1175	32271422.43
1176	32270826.96
1177	32270826.96
1178	32265721.41
1179	32265197.31
1180	32265197.31
1181	32261591.91
1182	32261578.68
1183	32261578.68
1184	32245341.44
1185	32244333.62
1186	32244186.62
1187	32244172.05
1188	32244085.97
1189	32243670.12
1190	32243637.01
1191	32243544.3
1192	32243541.65
1193	32228687.92
1194	32228687.92
1195	32228686.6
1196	32228681.3
1197	32228287.77
1198	32214730.07
1199	32214719.47
1200	32213152.61
1201	32213152.61
1202	32213134.05
1203	32212977.62
1204	32212928.58
1205	32212927.25
1206	32212908.69
1207	32212904.71
1208	32212898.09
1209	32212870.25
1210	32212672.73
1211	32212666.1
1212	32212664.77
1213	32212658.14
1214	32212658.14
1215	32211999.29
1216	32211996.64
1217	32211552.53
1218	32211551.2
1219	32211551.2
1220	32211551.2
1221	32211544.58
1222	32211531.32
1223	32211528.67
1224	32211500.83
1225	32211499.5
1226	32211494.2
1227	32211494.2
1228	32210354.08
1229	32210229.46
1230	32203822.78
1231	32203820.13
1232	32203818.8
1233	32203235.35
1234	32203235.35
1235	32203211.48
1236	32203210.16
1237	32203208.83
1238	32199032.85
1239	32199031.53
1240	32198784.85
1241	32191988.56
1242	32191948.77
1243	32190493.56
1244	32190371.51
1245	32190371.51
1246	32190294.57
1247	32190290.59
1248	32190285.29
1249	32190274.67
1250	32190272.02
1251	32190260.08
1252	32188000.85
1253	32180719.27
1254	32178949.04
1255	32177333.99
1256	32177332.66
1257	32177322.05
1258	32177250.38
1259	32177245.08
1260	32174772.57
1261	32174765.94
1262	32174277.52
1263	32174252.3
1264	32174239.03
1265	32173790.42
1266	32172378.19
1267	32171950.79
1268	32171949.46
1269	32171950.79
1270	32171942.83
1271	32171940.17
1272	32171938.85
1273	32171937.52
1274	32171880.44
1275	32165702.44
1276	32156747.94
1277	32156737.32
1278	32156607.18
1279	32152199.37
1280	32131385.9
1281	32131155.98
1282	32130720.06
1283	32128911.2
1284	32127030.46
1285	32125153.59
1286	32125146.94
1287	32123994.45
1288	32123970.52
1289	32123958.56
1290	32123834.93
1291	32123832.28
1292	32123708.65
1293	32123352.39
1294	32123219.45
1295	32122746.2
1296	32122743.55
1297	32122694.36
1298	32120678.98
1299	32096670.8
1300	32096544.4
1301	32096544.4
1302	32092152.29
1303	32091966
1304	32091854.23
1305	32086199.83
1306	32086119.98
1307	32086086.71
1308	32085266.87
1309	32085237.59
1310	32084288.63
1311	32084284.64
1312	32079265.21
1313	32079253.23
1314	32079223.94
1315	32079198.65
1316	32066239.78
1317	32066219.8
1318	32066210.48
1319	32065335.54
1320	32065330.21
1321	32064776.2
1322	32064624.38
1323	32064621.71
1324	32064596.41
1325	32064596.41
1326	32064595.08
1327	32064415.29
1328	32064408.63
1329	32064374
1330	32064370.01
1331	32060779.32
1332	32060776.66
1333	32060759.34
1334	32060756.68
1335	32060739.36
1336	32060603.5
1337	32060600.84
1338	32060558.22
1339	32060369.08
1340	32026157.02
1341	32026154.35
1342	32026139.68
1343	32025641
1344	32024892.95
1345	32024879.62
1346	32024768.94
1347	32024763.61
1348	32024763.61
1349	32024722.27
1350	32023399.48
1351	32022852.75
1352	32022851.41
1353	32017294.2
1354	32017266.19
1355	32017002.11
1356	32012436.34
1357	32010092.51
1358	32009501.53
1359	32009490.86
1360	32004785.26
1361	32004729.22
1362	31977413.16
1363	31977296.98
1364	31973552.27
1365	31973534.91
1366	31973536.24
1367	31973460.11
1368	31973458.78
1369	31965489.77
1370	31961548.62
1371	31961529.91
1372	31961326.83
1373	31961328.16
1374	31961325.49
1375	31961316.14
1376	31961134.43
1377	31961129.09
1378	31961121.07
1379	31961089.01
1380	31956084.97
1381	31955908.58
1382	31954749.98
1383	31954590.95
1384	31954220.78
1385	31953892.03
1386	31953888.02
1387	31951819.23
1388	31951811.21
1389	31927009.97
1390	31926936.41
1391	31913720.35
1392	31913717.67
1393	31877021.41
1394	31864663.78
1395	31864663.78
1396	31864634.3
1397	31864607.5
1398	31863598.36
1399	31855546.91
1400	31855513.4
1401	31855510.72
1402	31855505.36
1403	31855087.11
1404	31855084.43
1405	31855083.09
1406	31855080.41
1407	31855079.07
1408	31855071.03
1409	31855056.28
1410	31855049.58
1411	31855050.92
1412	31849333.02
1413	31848929.45
1414	31848921.4
1415	31848460.17
1416	31848453.46
1417	31847565.83
1418	31847565.83
1419	31847388.84
1420	31808935.32
1421	31808882.96
1422	31808535.26
1423	31808529.89
1424	31807650.54
1425	31807653.23
1426	31800194.59
1427	31790012.83
1428	31789920.15
1429	31787911.88
1430	31787534.39
1431	31787229.44
1432	31787211.98
1433	31787195.86
1434	31787174.36
1435	31787166.3
1436	31787097.79
1437	31786959.42
1438	31781209.12
1439	31781199.71
1440	31781197.03
1441	31778521.71
1442	31778512.3
1443	31778352.39
1444	31778312.08
1445	31778247.58
1446	31776520.78
1447	31774082.95
1448	31773991.56
1449	31773991.56
1450	31773966.03
1451	31769187.9
1452	31769126.07
1453	31769124.73
1454	31768713.41
1455	31768558.83
1456	31767424.32
1457	31767099.01
1458	31761408.31
1459	31761260.42
1460	31761207.98
1461	31761201.26
1462	31761170.34
1463	31761168.99
1464	31761164.96
1465	31761164.96
1466	31761164.96
1467	31761160.92
1468	31761068.15
1469	31758419.38
1470	31758418.03
1471	31756847.48
1472	31756774.87
1473	31756766.8
1474	31751477.72
1475	31751417.2
1476	31751414.51
1477	31751414.51
1478	31717371.38
1479	31715626.46
1480	31715250.8
1481	31714951.89
1482	31712656.1
1483	31712198.27
1484	31712198.27
1485	31712190.19
1486	31712191.54
1487	31711542.48
1488	31710109.67
1489	31710092.16
1490	31710090.81
1491	31708125.97
1492	31708088.26
1493	31708053.25
1494	31708046.51
1495	31707882.21
1496	31705782.55
1497	31705724.63
1498	31693542.74
1499	31693355.46
1500	31686958.83
1501	31686954.79
1502	31686906.27
1503	31686887.4
1504	31686806.55
1505	31686786.33
1506	31686690.65
1507	31676376.7
1508	31664930.64
1509	31664856.47
1510	31664315.68
1511	31662459.94
1512	31662427.57
1513	31658187.01
1514	31648215.93
1515	31648215.93
1516	31648214.58
1517	31648157.91
1518	31648126.88
1519	31648125.53
1520	31648090.45
1521	31647893.45
1522	31643125.98
1523	31641263.6
1524	31639005.65
1525	31638913.87
1526	31638911.17
1527	31594776.49
1528	31594775.14
1529	31584639.38
1530	31584340.59
1531	31584285.15
1532	31549298.31
1533	31549276.65
1534	31545657.11
1535	31545653.05
1536	31545593.49
1537	31545593.49
1538	31545496.03
1539	31543259.65
1540	31538602.29
1541	31538598.22
1542	31526415.42
1543	31526366.66
1544	31526357.18
1545	31525911.54
1546	31525911.54
1547	31525881.74
1548	31525880.38
1549	31525392.75
1550	31524279.29
1551	31515988.04
1552	31515982.62
1553	31515983.98
1554	31515943.33
1555	31510752.06
1556	31508129.67
1557	31508124.25
1558	31508116.12
1559	31508116.12
1560	31508071.39
1561	31508048.35
1562	31508048.35
1563	31508013.12
1564	31507916.89
1565	31507525.2
1566	31507434.4
1567	31507405.94
1568	31499405.79
1569	31499386.81
1570	31498948.92
1571	31479815.69
1572	31463101.72
1573	31454678.95
1574	31454676.24
1575	31454654.51
1576	31454654.51
1577	31454596.14
1578	31434618.12
1579	31434619.48
1580	31434475.48
1581	31434456.46
1582	31434455.11
1583	31434452.39
1584	31434395.33
1585	31434392.62
1586	31434393.97
1587	31434392.62
1588	31434006.81
1589	31433854.66
1590	31433853.3
1591	31433784.01
1592	31429761.24
1593	31429755.8
1594	31422131.36
1595	31422130
1596	31422101.46
1597	31422072.92
1598	31422071.56
1599	31418490.37
1600	31417969.81
1601	31417969.81
1602	31417968.45
1603	31417945.35
1604	31417938.55
1605	31417912.73
1606	31417912.73
1607	31417836.61
1608	31414906.06
1609	31414904.7
1610	31414901.98
1611	31414895.19
1612	31408515.27
1613	31408443.21
1614	31408437.77
1615	31408437.77
1616	31403628.51
1617	31403625.79
1618	31401936.87
1619	31401925.99
1620	31397719.6
1621	31390850.54
1622	31390725.39
1623	31378779.13
1624	31378704.28
1625	31378693.39
1626	31378692.03
1627	31378693.39
1628	31378690.67
1629	31378668.89
1630	31375925.23
1631	31375922.51
1632	31375896.65
1633	31375839.48
1634	31375835.4
1635	31375812.26
1636	31375805.46
1637	31326385
1638	31326096.01
1639	31326021.03
1640	31326018.31
1641	31326015.58
1642	31320167.02
1643	31320160.2
1644	31320160.2
1645	31320158.84
1646	31319834.34
1647	31319817.98
1648	31319816.62
1649	31319764.81
1650	31311441.23
1651	31311442.59
1652	31310940.71
1653	31294435.38
1654	31294431.28
1655	31294429.92
1656	31291531.48
1657	31291513.74
1658	31291511.01
1659	31287480.86
1660	31287478.13
1661	31287429
1662	31287377.13
1663	31287375.77
1664	31285821.16
1665	31285357.08
1666	31285357.08
1667	31285335.24
1668	31285332.51
1669	31268999.39
1670	31266235.18
1671	31266235.18
1672	31266083.58
1673	31265953.83
1674	31265947
1675	31265750.32
1676	31265733.93
1677	31265732.57
1678	31262966.7
1679	31262968.06
1680	31262462.67
1681	31262405.3
1682	31262386.17
1683	31255861.72
1684	31255833.03
1685	31255772.92
1686	31255527
1687	31255527
1688	31254675.81
1689	31254677.18
1690	31254678.54
1691	31254652.58
1692	31254644.39
1693	31251716.3
1694	31251702.63
1695	31251699.9
1696	31251682.14
1697	31251667.11
1698	31251649.34
1699	31246073.86
1700	31246031.5
1701	31246028.76
1702	31245974.1
1703	31236686.22
1704	31236489.36
1705	31235952.1
1706	31235948
1707	31235926.12
1708	31224168.17
1709	31222684.27
1710	31218000.96
1711	31217809.46
1712	31217808.09
1713	31217663.09
1714	31216884.75
1715	31200763.52
1716	31200732.05
1717	31200729.31
1718	31200314.6
1719	31200279.02
1720	31200276.28
1721	31194835.36
1722	31194831.25
1723	31194825.77
1724	31194784.71
1725	31192089.21
1726	31192007.07
1727	31191972.84
1728	31190538.06
1729	31189811.07
1730	31179106.77
1731	31179108.14
1732	31179020.48
1733	31178910.91
1734	31178531.53
1735	31178530.16
1736	31178526.05
1737	31178495.92
1738	31178493.18
1739	31178467.16
1740	31178468.53
1741	31178463.05
1742	31177943.96
1743	31177943.96
1744	31174866.21
1745	31172323.79
1746	31172186.8
1747	31172186.8
1748	31163446.98
1749	31162320.58
1750	31162321.95
1751	31158887.71
1752	31158886.33
1753	31158569.75
1754	31157739.22
1755	31157736.48
1756	31157615.87
1757	31154492.25
1758	31154493.62
1759	31154298.98
1760	31154298.98
1761	31153974.13
1762	31153972.76
1763	31153971.39
1764	31153546.47
1765	31153546.47
1766	31153540.98
1767	31153428.58
1768	31153421.73
1769	31153409.39
1770	31153408.02
1771	31153095.5
1772	31152732.25
1773	31152728.14
1774	31152707.57
1775	31152371.74
1776	31152370.37
1777	31152351.18
1778	31152275.78
1779	31152163.38
1780	31152044.12
1781	31152044.12
1782	31152030.41
1783	31152023.56
1784	31152023.56
1785	31151347.75
1786	31150676.05
1787	31150676.05
1788	31149598.54
1789	31149139.29
1790	31149099.53
1791	31149089.94
1792	31149089.94
1793	31149089.94
1794	31149011.79
1795	31148992.6
1796	31148939.13
1797	31148937.76
1798	31148925.43
1799	31148852.77
1800	31148834.94
1801	31148829.46
1802	31148802.04
1803	31148782.85
1804	31148770.51
1805	31148729.38
1806	31148691
1807	31147613.42
1808	31147580.52
1809	31147378.99
1810	31141250.05
1811	31141234.97
1812	31141226.74
1813	31141133.49
1814	31141110.18
1815	31141008.71
1816	31138049.36
1817	31138030.16
1818	31137942.39
1819	31137934.16
1820	31137930.05
1821	31137925.93
1822	31137927.31
1823	31127240.83
1824	31127236.72
1825	31127177.73
1826	31126974.69
1827	31123672.37
1828	31123661.4
1829	31123192.16
1830	31122666.65
1831	31122659.79
1832	31122654.3
1833	31122646.07
1834	31122598.05
1835	31122593.93
1836	31122423.79
1837	31122416.93
1838	31122414.19
1839	31122410.07
1840	31122408.7
1841	31122401.84
1842	31122394.98
1843	31122389.49
1844	31122061.56
1845	31121960.02
1846	31121848.88
1847	31121842.02
1848	31121824.18
1849	31121615.62
1850	31121579.95
1851	31121110.68
1852	31120907.6
1853	31112975.51
1854	31112946.69
1855	31110137.04
1856	31107222.8
1857	31107081.41
1858	31107058.07
1859	31106149.28
1860	31106108.1
1861	31106105.35
1862	31106098.49
1863	31105884.33
1864	31103908.78
1865	31103904.66
1866	31103893.68
1867	31103870.34
1868	31102844.76
1869	31102842.01
1870	31102674.51
1871	31102674.51
1872	31099112.84
1873	31099114.22
1874	31099101.86
1875	31099099.11
1876	31096676.83
1877	31096484.58
1878	31096484.58
1879	31096484.58
1880	31092378.34
1881	31086753.69
1882	31086606.7
1883	31086597.09
1884	31086587.47
1885	31086549.01
1886	31078323.73
1887	31078311.37
1888	31078303.12
1889	31072469.78
1890	31069495.66
1891	31069446.18
1892	31069440.68
1893	31027889.97
1894	31027486.72
1895	31027483.96
1896	31027485.34
1897	31027296.79
1898	31026995.38
1899	31026994
1900	31026994
1901	31026987.12
1902	31026985.74
1903	31026981.61
1904	31026976.11
1905	31026282.44
1906	31026279.69
1907	31026252.16
1908	31016274.81
1909	31016270.68
1910	31015703.44
1911	31015678.66
1912	31011747.61
1913	31006482.94
1914	31006467.79
1915	31006467.79
1916	31006452.64
1917	31005725.46
1918	31005724.08
1919	31005722.7
1920	31005703.42
1921	31005700.67
1922	31005583.6
1923	31005583.6
1924	31005580.84
1925	31005580.84
1926	30993695.55
1927	30986510.92
1928	30986436.51
1929	30986435.13
1930	30986418.59
1931	30986406.19
1932	30986160.88
1933	30986158.13
1934	30984497.44
1935	30981159.26
1936	30981152.37
1937	30980104.81
1938	30980099.3
1939	30980085.51
1940	30980077.24
1941	30980051.05
1942	30979968.35
1943	30979940.78
1944	30979892.54
1945	30979889.78
1946	30979891.16
1947	30979891.16
1948	30979804.32
1949	30979779.51
1950	30979742.29
1951	30979716.1
1952	30976170.62
1953	30976093.42
1954	30976054.82
1955	30976009.33
1956	30975981.76
1957	30975981.76
1958	30975970.73
1959	30975948.67
1960	30975937.64
1961	30975930.75
1962	30975925.24
1963	30975926.62
1964	30975901.8
1965	30975897.67
1966	30975874.23
1967	30975867.34
1968	30975860.44
1969	30973148.65
1970	30973127.97
1971	30972769.51
1972	30967949.12
1973	30964223.02
1974	30964202.33
1975	30964183.02
1976	30964181.64
1977	30964173.37
1978	30964154.06
1979	30964132
1980	30964116.83
1981	30961117.12
1982	30961103.33
1983	30961088.16
1984	30960871.62
1985	30960853.69
1986	30960841.28
1987	30960828.86
1988	30960813.69
1989	30959010.95
1990	30958998.54
1991	30958995.78
1992	30958935.09
1993	30958918.54
1994	30955017.53
1995	30954994.07
1996	30954995.45
1997	30954919.58
1998	30954083.58
1999	30954011.85
2000	30953942.87
2001	30947306.48
2002	30947194.71
2003	30947178.15
2004	30947070.52
2005	30945278.02
2006	30945123.47
2007	30944183.71
2008	30944178.19
2009	30944157.49
2010	30943507.5
2011	30942864.41
2012	30942853.36
2013	30942840.94
2014	30942824.38
2015	30942734.68
2016	30942707.08
2017	30942697.42
2018	30941576.79
2019	30939222.23
2020	30939202.91
2021	30939193.25
2022	30939180.82
2023	30938903.4
2024	30938903.4
2025	30938889.6
2026	30935572.73
2027	30932749.72
2028	30932735.92
2029	30932734.54
2030	30932724.87
2031	30932673.79
2032	30926841.98
2033	30926790.89
2034	30926779.85
2035	30926754.99
2036	30926505.07
2037	30926492.64
2038	30926487.12
2039	30926474.69
2040	30926407.03
2041	30924856.37
2042	30924846.71
2043	30924837.04
2044	30924824.61
2045	30919372.5
2046	30918995.46
2047	30918871.16
2048	30918868.4
2049	30914295.16
2050	30914286.87
2051	30914275.82
2052	30914226.09
2053	30914223.33
2054	30913196.98
2055	30908650.53
2056	30908370.07
2057	30906848.9
2058	30906745.27
2059	30906699.68
2060	30904733.5
2061	30904354.9
2062	30904350.75
2063	30904274.76
2064	30878990.34
2065	30878965.45
2066	30878954.39
2067	30878563.02
2068	30878480.04
2069	30878442.71
2070	30878289.2
2071	30878280.9
2072	30878268.46
2073	30878262.92
2074	30878261.54
2075	30878257.39
2076	30871390.33
2077	30871373.73
2078	30871366.81
2079	30871351.6
2080	30871351.6
2081	30870052.7
2082	30870045.78
2083	30870030.56
2084	30869983.53
2085	30869971.08
2086	30869966.93
2087	30869964.17
2088	30869958.63
2089	30869924.05
2090	30869911.6
2091	30866556.88
2092	30866220.7
2093	30865194.14
2094	30861314.49
2095	30861302.03
2096	30861288.2
2097	30860651.69
2098	30860629.55
2099	30854204.22
2100	30854200.07
2101	30854188.99
2102	30853769.63
2103	30853721.19
2104	30853721.19
2105	30852990.41
2106	30850044.96
2107	30847802.47
2108	30847801.08
2109	30846216.01
2110	30846211.86
2111	30846156.48
2112	30846073.42
2113	30846062.34
2114	30802641.03
2115	30802641.03
2116	30802635.49
2117	30802295.83
2118	30801551.35
2119	30801139.59
2120	30793133.46
2121	30792904.65
2122	30792901.87
2123	30792638.38
2124	30792637
2125	30792638.38
2126	30752741.05
2127	30752645.24
2128	30718637.94
2129	30718639.33
2130	30718637.94
2131	30718628.21
2132	30718615.69
2133	30718601.79
2134	30718597.62
2135	30718585.11
2136	30718512.82
2137	30718448.88
2138	30718422.47
2139	30718386.32
2140	30710265.45
2141	30710040.19
2142	30703871.24
2143	30703637.59
2144	30703623.68
2145	30703602.82
2146	30703488.77
2147	30703485.99
2148	30703470.69
2149	30703467.91
2150	30703455.39
2151	30703454
2152	30703454
2153	30703448.44
2154	30703288.49
2155	30703260.68
2156	30695938.51
2157	30695921.82
2158	30695920.43
2159	30695848.09
2160	30683343.2
2161	30683337.63
2162	30683069.02
2163	30683067.63
2164	30680445.49
2165	30680108.66
2166	30680051.59
2167	30680050.2
2168	30680044.63
2169	30679858.12
2170	30679858.12
2171	30679859.51
2172	30679858.12
2173	30679588.09
2174	30678940.85
2175	30678936.68
2176	30678938.07
2177	30677561.42
2178	30677560.03
2179	30677558.64
2180	30677557.25
2181	30677555.85
2182	30677544.72
2183	30677533.58
2184	30677529.41
2185	30677528.01
2186	30670777.52
2187	30669511.89
2188	30669474.3
2189	30669429.74
2190	30669426.96
2191	30669346.2
2192	30669336.46
2193	30663213.63
2194	30662854.33
2195	30662829.26
2196	30662827.87
2197	30662758.23
2198	30661812.6
2199	30660371.12
2200	30660361.37
2201	30660353.02
2202	30660333.52
2203	30660334.91
2204	30660293.13
2205	30657942.04
2206	30657933.68
2207	30657930.9
2208	30656891.79
2209	30656887.61
2210	30656856.97
2211	30656746.92
2212	30656097.81
2213	30656083.88
2214	30656076.92
2215	30656075.52
2216	30656060.2
2217	30655984.98
2218	30655085.11
2219	30655080.93
2220	30654052.87
2221	30654050.09
2222	30654040.34
2223	30653875.96
2224	30653742.22
2225	30651361.37
2226	30651359.98
2227	30651355.8
2228	30651357.19
2229	30651346.05
2230	30651347.44
2231	30651339.08
2232	30647858.72
2233	30644357.07
2234	30636583.16
2235	30636581.77
2236	30630442.63
2237	30618277.84
2238	30616970.99
2239	30616943.09
2240	30615736.62
2241	30608828.79
2242	30608821.82
2243	30608456.3
2244	30608453.51
2245	30608447.92
2246	30607785.23
2247	30603945.51
2248	30603939.92
2249	30603939.92
2250	30603903.65
2251	30602222.22
2252	30596782.41
2253	30596247.86
2254	30596242.28
2255	30596235.3
2256	30596178.08
2257	30596178.08
2258	30596175.29
2259	30596166.91
2260	30596030.13
2261	30594508.79
2262	30592544.88
2263	30588718.6
2264	30588701.85
2265	30588696.26
2266	30588686.49
2267	30588685.09
2268	30588664.15
2269	30588572.01
2270	30588570.62
2271	30587562.66
2272	30587561.27
2273	30587529.16
2274	30587516.59
2275	30587502.63
2276	30587502.63
2277	30587476.11
2278	30587470.52
2279	30586859.03
2280	30586853.44
2281	30584280.29
2282	30584264.94
2283	30584259.35
2284	30584246.78
2285	30561247.73
2286	30559249.55
2287	30559249.55
2288	30559243.96
2289	30559195.05
2290	30559176.88
2291	30559076.27
2292	30559073.48
2293	30559072.08
2294	30559052.52
2295	30557983.5
2296	30557979.3
2297	30557860.52
2298	30557831.18
2299	30557831.18
2300	30557831.18
2301	30557828.38
2302	30557825.59
2303	30557690.03
2304	30557620.16
2305	30557574.05
2306	30557560.07
2307	30557557.28
2308	30557541.9
2309	30557519.54
2310	30557513.95
2311	30557492.99
2312	30556573.45
2313	30556541.31
2314	30556539.91
2315	30556530.13
2316	30556489.6
2317	30556485.41
2318	30556481.22
2319	30556011.65
2320	30555947.37
2321	30555944.57
2322	30555926.4
2323	30555834.17
2324	30555834.17
2325	30546112.77
2326	30538780.9
2327	30538773.91
2328	30526210.27
2329	30526207.47
2330	30526197.68
2331	30525901.11
2332	30525838.16
2333	30525839.56
2334	30525839.56
2335	30525839.56
2336	30525824.17
2337	30525815.78
2338	30523416.56
2339	30523416.56
2340	30523406.76
2341	30517743.01
2342	30517740.21
2343	30517731.82
2344	30517720.62
2345	30517709.43
2346	30517685.64
2347	30517677.25
2348	30517664.65
2349	30517663.25
2350	30517661.85
2351	30517656.26
2352	30517656.26
2353	30517654.86
2354	30517633.87
2355	30517631.07
2356	30517537.32
2357	30516944.01
2358	30516934.22
2359	30516923.02
2360	30516904.83
2361	30515234
2362	30513966.13
2363	30513960.53
2364	30513949.33
2365	30513947.94
2366	30511259.47
2367	30508936.09
2368	30508933.29
2369	30505921.02
2370	30505884.63
2371	30505622.86
2372	30505613.06
2373	30505608.86
2374	30505555.67
2375	30505089.52
2376	30505089.52
2377	30505085.32
2378	30505076.92
2379	30505076.92
2380	30505011.13
2381	30504367.18
2382	30504365.78
2383	30504250.99
2384	30503889.82
2385	30503888.42
2386	30503796.02
2387	30503789.02
2388	30503790.42
2389	30493555.31
2390	30493555.31
2391	30493507.69
2392	30493488.09
2393	30493489.49
2394	30493476.89
2395	30493471.28
2396	30493345.25
2397	30493343.85
2398	30493243.02
2399	30493222.01
2400	30493182.8
2401	30493087.57
2402	30493086.17
2403	30492671.65
2404	30492670.25
2405	30488383.24
2406	30488369.23
2407	30488353.82
2408	30487901.42
2409	30487869.2
2410	30487817.38
2411	30487800.57
2412	30487702.53
2413	30487696.92
2414	30487698.32
2415	30487694.12
2416	30487646.5
2417	30487639.5
2418	30487618.49
2419	30486986.78
2420	30486985.38
2421	30486982.58
2422	30486982.58
2423	30486979.78
2424	30486967.17
2425	30486964.37
2426	30486964.37
2427	30486469.92
2428	30486467.12
2429	30486468.52
2430	30481478.77
2431	30476839.9
2432	30473217.7
2433	30473022.91
2434	30473020.11
2435	30473020.11
2436	30473020.11
2437	30473017.31
2438	30472872.97
2439	30472870.17
2440	30467307.75
2441	30467310.55
2442	30467306.35
2443	30467300.74
2444	30467296.54
2445	30466916.7
2446	30466915.3
2447	30466842.42
2448	30466636.38
2449	30465896.31
2450	30465775.77
2451	30465756.14
2452	30462491.49
2453	30462471.87
2454	30462470.46
2455	30462470.46
2456	30462467.66
2457	30462462.05
2458	30445387.34
2459	30445370.51
2460	30445341.06
2461	30445336.85
2462	30445328.43
2463	30444794.03
2464	30444404.1
2465	30444254.02
2466	30444245.6
2467	30444234.38
2468	30444232.98
2469	30444073.07
2470	30438349.67
2471	30438341.25
2472	30438269.7
2473	30437963.86
2474	30437834.79
2475	30436377.09
2476	30436365.86
2477	30436360.25
2478	30430982
2479	30427446.97
2480	30427438.55
2481	30427357.15
2482	30425907.37
2483	30425903.16
2484	30421780.79
2485	30421775.18
2486	30421745.7
2487	30421741.49
2488	30421735.88
2489	30421700.78
2490	30421696.57
2491	30421307.75
2492	30421306.34
2493	30419548.84
2494	30419547.44
2495	30419540.42
2496	30419509.54
2497	30419505.32
2498	30419501.11
2499	30419495.5
2500	30419467.42
2501	30419466.02
2502	30419433.73
2503	30419433.73
2504	30419421.1
2505	30419408.46
2506	30419408.46
2507	30416597.92
2508	30416588.1
2509	30416576.86
2510	30414333.3
2511	30414329.09
2512	30414330.49
2513	30414326.28
2514	30414320.66
2515	30414308.03
2516	30414171.83
2517	30414169.03
2518	30414140.95
2519	30414136.73
2520	30414090.4
2521	30414076.36
2522	30414070.74
2523	30413987.9
2524	30413913.49
2525	30413896.64
2526	30413888.22
2527	30413886.81
2528	30413885.41
2529	30413847.5
2530	30412559.95
2531	30412051.66
2532	30411603.73
2533	30411565.82
2534	30411013.98
2535	30411012.57
2536	30410764.03
2537	30404502.06
2538	30404497.84
2539	30404488.01
2540	30404465.54
2541	30404462.73
2542	30403937.45
2543	30403916.38
2544	30401395.17
2545	30401180.26
2546	30399467.95
2547	30399462.33
2548	30399453.9
2549	30399295.17
2550	30399295.17
2551	30399286.74
2552	30399268.48
2553	30393178.36
2554	30392662.72
2555	30392644.45
2556	30392638.83
2557	30392617.76
2558	30392614.95
2559	30392399.97
2560	30392397.16
2561	30392390.14
2562	30392381.71
2563	30392376.09
2564	30392369.06
2565	30392366.25
2566	30392359.23
2567	30383986.78
2568	30383888.4
2569	30383888.4
2570	30383882.78
2571	30383877.16
2572	30383870.13
2573	30383052.15
2574	30383047.94
2575	30382972.04
2576	30382965.01
2577	30382960.8
2578	30382949.55
2579	30378354.67
2580	30373833.61
2581	30373815.34
2582	30373813.93
2583	30373812.52
2584	30373805.49
2585	30373799.87
2586	30350423.26
2587	30350420.45
2588	30350413.41
2589	30350392.31
2590	30350389.49
2591	30350383.87
2592	30349928
2593	30344202.31
2594	30344195.28
2595	30344129.13
2596	30344100.99
2597	30344093.95
2598	30344067.21
2599	30344043.29
2600	30343950.41
2601	30340755.69
2602	30340750.06
2603	30340744.43
2604	30340599.46
2605	30338143.37
2606	30338140.55
2607	30338130.7
2608	30338023.72
2609	30337811.18
2610	30337804.14
2611	30337784.44
2612	30337768.95
2613	30337757.69
2614	30337752.06
2615	30336351.49
2616	30336343.04
2617	30336337.41
2618	30334483.49
2619	30334476.45
2620	30334465.19
2621	30334458.15
2622	30334452.52
2623	30330200.87
2624	30328774.6
2625	30328622.54
2626	30328618.31
2627	30328618.31
2628	30328591.56
2629	30328583.11
2630	30328574.66
2631	30328573.26
2632	30328546.5
2633	30328545.1
2634	30328539.46
2635	30328516.94
2636	30328509.9
2637	30328502.86
2638	30328494.41
2639	30324868.57
2640	30324869.98
2641	30324860.12
2642	30323663.14
2643	30323640.61
2644	30323636.39
2645	30321031.04
2646	30314358.93
2647	30314358.93
2648	30314281.45
2649	30314277.22
2650	30313007.99
2651	30312998.12
2652	30312995.31
2653	30312967.13
2654	30312946
2655	30312947.41
2656	30312943.18
2657	30312943.18
2658	30312864.29
2659	30312854.43
2660	30312845.98
2661	30312837.53
2662	30311485.11
2663	30311483.7
2664	30311478.07
2665	30311476.66
2666	30311476.66
2667	30311473.84
2668	30307820.6
2669	30307806.51
2670	30307807.92
2671	30303070.59
2672	30303063.55
2673	30303055.09
2674	30303039.59
2675	30303035.36
2676	30302883.17
2677	30302802.85
2678	30302783.12
2679	30302781.71
2680	30302735.21
2681	30302730.98
2682	30302730.98
2683	30302729.57
2684	30302726.75
2685	30302623.88
2686	30302618.24
2687	30302611.19
2688	30302594.28
2689	30302591.47
2690	30302581.6
2691	30302544.96
2692	30302540.73
2693	30302539.32
2694	30302491.41
2695	30302473.09
2696	30301323.15
2697	30301313.28
2698	30301310.46
2699	30290063.79
2700	30289932.68
2701	30289896.03
2702	30288708.95
2703	30288701.9
2704	30288013.88
2705	30286884.54
2706	30286878.9
2707	30286878.9
2708	30282574.03
2709	30279023.08
2710	30279021.67
2711	30277590.17
2712	30277585.94
2713	30277580.3
2714	30277571.84
2715	30277567.61
2716	30277566.2
2717	30277560.56
2718	30277529.53
2719	30277528.12
2720	30277528.12
2721	30277526.71
2722	30277511.19
2723	30277499.91
2724	30277353.23
2725	30277354.64
2726	30277341.95
2727	30276897.67
2728	30276894.85
2729	30276884.98
2730	30276884.98
2731	30276873.69
2732	30276861
2733	30276858.18
2734	30276856.77
2735	30276856.77
2736	30276846.9
2737	30276844.08
2738	30252041.71
2739	30251743.87
2740	30251743.87
2741	30251741.04
2742	30251735.4
2743	30251732.57
2744	30251660.58
2745	30251660.58
2746	30251588.59
2747	30251585.77
2748	30251574.48
2749	30250198.15
2750	30250075.33
2751	30250073.92
2752	30250072.51
2753	30250066.86
2754	30250058.39
2755	30250051.33
2756	30249873.46
2757	30249848.05
2758	30249836.76
2759	30249828.29
2760	30249811.35
2761	30249807.12
2762	30249781.71
2763	30249493.72
2764	30249479.61
2765	30243572.53
2766	30243566.88
2767	30243551.35
2768	30243552.76
2769	30243547.12
2770	30243545.7
2771	30243545.7
2772	30243530.17
2773	30243528.76
2774	30243518.88
2775	30242598.26
2776	30242598.26
2777	30242527.66
2778	30242513.54
2779	30242502.24
2780	30242235.37
2781	30242170.42
2782	30236208.25
2783	30235281.76
2784	30235278.94
2785	30235274.7
2786	30235274.7
2787	30235259.16
2788	30235247.87
2789	30235247.87
2790	30232675.86
2791	30232671.63
2792	30232592.53
2793	30230966.72
2794	30230963.9
2795	30230901.75
2796	30230891.86
2797	30226727.36
2798	30225645.17
2799	30225609.85
2800	30225607.03
2801	30224998.11
2802	30224996.69
2803	30224995.28
2804	30224983.98
2805	30224981.15
2806	30224976.91
2807	30224976.91
2808	30224938.77
2809	30224926.05
2810	30224914.75
2811	30224914.75
2812	30224911.92
2813	30224911.92
2814	30218546.43
2815	30218540.78
2816	30218537.95
2817	30215342.69
2818	30215089.71
2819	30215085.47
2820	30215085.47
2821	30215040.25
2822	30213600.07
2823	30213597.24
2824	30213585.93
2825	30213581.69
2826	30213578.87
2827	30213450.25
2828	30213447.42
2829	30212586.67
2830	30212583.84
2831	30212571.12
2832	30212564.05
2833	30212559.81
2834	30212491.97
2835	30212482.07
2836	30207622.36
2837	30207619.53
2838	30207558.75
2839	30207538.96
2840	30207534.71
2841	30203046.05
2842	30203030.5
2843	30203029.08
2844	30203024.84
2845	30203023.43
2846	30203012.12
2847	30202952.74
2848	30202940.01
2849	30202582.3
2850	30202404.15
2851	30202378.7
2852	30202220.35
2853	30202169.45
2854	30202163.79
2855	30202159.55
2856	30202145.41
2857	30202139.76
2858	30200305.87
2859	30200146.09
2860	30200028.73
2861	30200007.52
2862	30200003.28
2863	30200001.86
2864	30200001.86
2865	30199993.38
2866	30199758.65
2867	30199755.83
2868	30199731.79
2869	30196927.67
2870	30196924.84
2871	30196796.16
2872	30193175.71
2873	30193171.47
2874	30191601.54
2875	30191597.29
2876	30183696.87
2877	30183661.5
2878	30183657.26
2879	30183602.08
2880	30183602.08
2881	30183549.74
2882	30183481.83
2883	30183474.75
2884	30183418.16
2885	30183412.5
2886	30183362.99
2887	30183361.57
2888	30183262.54
2889	30176134.01
2890	30175955.71
2891	30175909.01
2892	30171936.48
2893	30171932.23
2894	30171598.22
2895	30171592.56
2896	30171582.65
2897	30171514.71
2898	30169156.67
2899	30169155.26
2900	30161077.64
2901	30159869.92
2902	30159739.66
2903	30159728.33
2904	30159660.37
2905	30159535.77
2906	30157244.76
2907	30157199.45
2908	30152384.64
2909	30152340.74
2910	30152298.25
2911	30152296.84
2912	30152284.09
2913	30152277.01
2914	30152274.18
2915	30152269.93
2916	30152264.26
2917	30152262.85
2918	30152209.03
2919	30152207.61
2920	30152166.54
2921	30152128.3
2922	30152126.89
2923	30151920.12
2924	30151918.7
2925	30151918.7
2926	30151911.62
2927	30151874.79
2928	30151774.24
2929	30151774.24
2930	30151738.83
2931	30151597.21
2932	30151594.37
2933	30151557.55
2934	30151549.05
2935	30151534.89
2936	30151214.81
2937	30151142.58
2938	30151063.27
2939	30151046.27
2940	30151036.36
2941	30151033.53
2942	30150890.48
2943	30150845.16
2944	30150842.33
2945	30149107.3
2946	30148909.01
2947	30148909.01
2948	30148910.42
2949	30148907.59
2950	30148872.18
2951	30148866.52
2952	30144342.2
2953	30144286.95
2954	30144282.7
2955	30144282.7
2956	30144281.29
2957	30144277.04
2958	30144265.7
2959	30144053.21
2960	30144050.38
2961	30144014.96
2962	30144009.3
2963	30143837.88
2964	30140585.11
2965	30140568.11
2966	30140566.7
2967	30138964.27
2968	30138645.47
2969	30138607.21
2970	30138536.37
2971	30138532.12
2972	30138532.12
2973	30138398.93
2974	30137445.35
2975	30137443.93
2976	30134719.04
2977	30134716.21
2978	30134716.21
2979	30134561.75
2980	30134557.5
2981	30134557.5
2982	30134363.36
2983	30130464.72
2984	30130463.3
2985	30130298.9
2986	30130297.48
2987	30130297.48
2988	30130293.23
2989	30130290.4
2990	30130157.17
2991	30130155.76
2992	30130151.5
2993	30130148.67
2994	30112766.41
2995	30112759.32
2996	30112759.32
2997	30112756.48
2998	30112752.23
2999	30112747.97
3000	30110649.12
3001	30110644.86
3002	30093723.87
3003	30091575.43
3004	30090383.37
3005	30057541.91
3006	30056580.07
3007	30056577.23
3008	30052503.68
3009	30045604.22
3010	30045591.43
3011	30045518.94
3012	30045503.31
3013	30033769.85
3014	30033677.43
3015	30033671.74
3016	30033633.35
3017	30033629.09
3018	30033623.4
3019	30033616.29
3020	30033593.54
3021	30033592.12
3022	30033556.58
3023	30032884.04
3024	30032861.29
3025	30032851.34
3026	30031258.8
3027	30031251.69
3028	30030704.24
3029	30030701.39
3030	30005927.54
3031	30005921.85
3032	30005174.69
3033	30005052.3
3034	30003401.35
3035	30003395.66
3036	30003391.39
3037	30003388.54
3038	30003384.27
3039	30003351.54
3040	30003350.12
3041	30003350.12
3042	30003324.5
3043	30003075.42
3044	30003044.11
3045	30002938.79
3046	29999857.21
3047	29999841.56
3048	29998678.59
3049	29998674.32
3050	29998644.42
3051	29998638.73
3052	29972061.76
3053	29970304.99
3054	29970299.29
3055	29969066.78
3056	29969062.51
3057	29969058.23
3058	29969055.38
3059	29969051.11
3060	29969012.64
3061	29969009.79
3062	29965612.64
3063	29965608.36
3064	29965498.63
3065	29965301.97
3066	29965262.07
3067	29962662.62
3068	29962431.73
3069	29962366.17
3070	29962336.24
3071	29962163.79
3072	29962160.94
3073	29961803.21
3074	29961800.36
3075	29961771.85
3076	29961740.5
3077	29961740.5
3078	29951809.18
3079	29951221.78
3080	29951216.07
3081	29950655.75
3082	29950652.9
3083	29950611.55
3084	29950446.16
3085	29950441.88
3086	29950439.03
3087	29950433.33
3088	29950250.83
3089	29950151.02
3090	29940906.16
3091	29940903.31
3092	29940750.7
3093	29937279.02
3094	29937226.25
3095	29937220.54
3096	29937206.28
3097	29937202
3098	29937203.42
3099	29934503.1
3100	29931117.73
3101	29931110.6
3102	29931106.32
3103	29930922.27
3104	29930916.56
3105	29930913.71
3106	29930906.58
3107	29930892.31
3108	29930875.19
3109	29925785.67
3110	29925759.98
3111	29925731.44
3112	29923339.76
3113	29923282.68
3114	29922903.08
3115	29922880.24
3116	29922861.69
3117	29922861.69
3118	29922178.1
3119	29922170.97
3120	29922129.58
3121	29922125.3
3122	29922072.5
3123	29921481.66
3124	29921477.38
3125	29921473.09
3126	29921458.82
3127	29921450.26
3128	29914671.89
3129	29914661.9
3130	29914100.89
3131	29914090.9
3132	29914085.19
3133	29913679.77
3134	29913658.36
3135	29913648.37
3136	29913629.81
3137	29913615.53
3138	29913608.4
3139	29913601.26
3140	29913601.26
3141	29913586.98
3142	29913585.56
3143	29913576.99
3144	29913554.15
3145	29913532.74
3146	29913531.31
3147	29913488.48
3148	29909062.77
3149	29908434.55
3150	29903885.29
3151	29903882.43
3152	29903384.05
3153	29903082.74
3154	29902562.93
3155	29902560.07
3156	29902390.13
3157	29902194.48
3158	29902185.92
3159	29902181.63
3160	29902080.24
3161	29900217.95
3162	29900197.96
3163	29900173.68
3164	29900130.83
3165	29900099.41
3166	29900080.85
3167	29900079.42
3168	29899916.61
3169	29899915.18
3170	29899912.32
3171	29899910.89
3172	29898629.78
3173	29898609.78
3174	29898534.09
3175	29894596.12
3176	29894586.12
3177	29894581.84
3178	29894574.69
3179	29894576.12
3180	29894464.7
3181	29894269.01
3182	29894254.72
3183	29893366.2
3184	29893359.06
3185	29893356.2
3186	29892980.51
3187	29892967.65
3188	29892009.09
3189	29891259.09
3190	29891239.09
3191	29891227.66
3192	29891176.23
3193	29891171.94
3194	29891169.08
3195	29885749.88
3196	29885745.59
3197	29885734.16
3198	29883965.17
3199	29883462.17
3200	29883457.89
3201	29882933.45
3202	29882929.16
3203	29882929.16
3204	29882829.13
3205	29882824.84
3206	29875071.47
3207	29875067.18
3208	29874888.51
3209	29874656.94
3210	29874238.13
3211	29874196.67
3212	29874192.39
3213	29874112.34
3214	29873980.83
3215	29873970.83
3216	29873860.76
3217	29873744.97
3218	29873614.89
3219	29873613.47
3220	29873610.61
3221	29873146.03
3222	29861291.94
3223	29861290.51
3224	29861289.08
3225	29861237.59
3226	29861226.15
3227	29861221.86
3228	29861220.43
3229	29861216.14
3230	29861214.71
3231	29861211.85
3232	29860975.9
3233	29860927.27
3234	29860453.92
3235	29860451.06
3236	29860451.06
3237	29854725.91
3238	29854701.59
3239	29847574.72
3240	29847533.23
3241	29847511.76
3242	29847481.72
3243	29844910.64
3244	29844907.78
3245	29844903.49
3246	29844850.55
3247	29842367.96
3248	29842325.03
3249	29842322.17
3250	29842320.74
3251	29842276.38
3252	29835066.38
3253	29835000.54
3254	29829200.36
3255	29829193.2
3256	29828816.69
3257	29828813.83
3258	29828809.53
3259	29824550.23
3260	29820039.72
3261	29820038.29
3262	29820033.99
3263	29819571.45
3264	29819567.15
3265	29819562.86
3266	29819539.94
3267	29819535.65
3268	29819421.08
3269	29819418.22
3270	29819415.36
3271	29819413.92
3272	29819408.2
3273	29819402.47
3274	29819399.6
3275	29819401.03
3276	29818722.24
3277	29818700.76
3278	29818697.89
3279	29818695.03
3280	29818690.73
3281	29818306.93
3282	29818304.07
3283	29818222.44
3284	29818218.14
3285	29818216.71
3286	29818215.28
3287	29818209.55
3288	29818206.68
3289	29817900.21
3290	29817079.6
3291	29814385.58
3292	29814382.72
3293	29814371.26
3294	29814371.26
3295	29814369.83
3296	29814369.83
3297	29814366.96
3298	29814364.1
3299	29814362.67
3300	29812430.45
3301	29812429.01
3302	29812426.15
3303	29812421.85
3304	29812290.07
3305	29812288.64
3306	29812274.32
3307	29812274.32
3308	29812271.45
3309	29812245.67
3310	29812244.23
3311	29812241.37
3312	29810492.37
3313	29810492.37
3314	29807683.15
3315	29807680.29
3316	29806080.02
3317	29806081.45
3318	29806080.02
3319	29806078.59
3320	29805915.26
3321	29805913.83
3322	29805912.39
3323	29805912.39
3324	29805909.53
3325	29805879.44
3326	29805700.35
3327	29803635.75
3328	29803634.32
3329	29803627.16
3330	29803621.43
3331	29803575.58
3332	29803495.34
3333	29803495.34
3334	29803493.91
3335	29803493.91
3336	29803456.65
3337	29803456.65
3338	29803440.89
3339	29803436.59
3340	29803436.59
3341	29803432.29
3342	29803428
3343	29803256.06
3344	29802698.68
3345	29802698.68
3346	29802697.25
3347	29802678.62
3348	29802675.76
3349	29802671.46
3350	29802667.16
3351	29802657.13
3352	29802651.4
3353	29801186.99
3354	29801188.42
3355	29801136.84
3356	29801138.27
3357	29801131.1
3358	29800941.96
3359	29800939.09
3360	29800939.09
3361	29800080.75
3362	29799576.34
3363	29799576.34
3364	29799351.36
3365	29799352.79
3366	29795322.89
3367	29795320.03
3368	29795278.46
3369	29795059.18
3370	29794867.13
3371	29794857.1
3372	29794854.23
3373	29794467.26
3374	29794465.82
3375	29794464.39
3376	29794464.39
3377	29794461.52
3378	29794460.09
3379	29792371.78
3380	29792199.78
3381	29792191.18
3382	29792189.74
3383	29792184.01
3384	29792179.71
3385	29792112.34
3386	29792110.91
3387	29792110.91
3388	29792109.47
3389	29792109.47
3390	29792106.61
3391	29792103.74
3392	29792102.31
3393	29792102.31
3394	29785756.15
3395	29785756.15
3396	29785754.71
3397	29785298.81
3398	29775221.15
3399	29775119.32
3400	29775100.68
3401	29775100.68
3402	29774957.26
3403	29774957.26
3404	29774955.82
3405	29774954.39
3406	29774950.09
3407	29774941.48
3408	29774907.06
3409	29774905.63
3410	29774897.02
3411	29774898.46
3412	29774897.02
3413	29774895.59
3414	29774897.02
3415	29774892.72
3416	29774204.3
3417	29774202.87
3418	29774181.35
3419	29774181.35
3420	29773138.66
3421	29773137.22
3422	29773117.14
3423	29770809.31
3424	29770792.09
3425	29770792.09
3426	29770793.53
3427	29769792.31
3428	29769788.01
3429	29769783.7
3430	29769775.1
3431	29769772.23
3432	29769762.19
3433	29769762.19
3434	29769760.75
3435	29765840.18
3436	29765825.84
3437	29765821.53
3438	29765820.1
3439	29765629.29
3440	29765619.25
3441	29765617.82
3442	29765286.41
3443	29765286.41
3444	29765161.6
3445	29765158.73
3446	29765161.6
3447	29763998.07
3448	29763993.76
3449	29763985.16
3450	29763966.5
3451	29763602.09
3452	29763600.65
3453	29763597.78
3454	29763597.78
3455	29763597.78
3456	29763590.61
3457	29763592.04
3458	29763593.48
3459	29763592.04
3460	29762343.8
3461	29762316.54
3462	29762316.54
3463	29762315.1
3464	29762313.67
3465	29762307.93
3466	29762306.49
3467	29750530.24
3468	29750530.24
3469	29739177.23
3470	29724623.58
3471	29724616.4
3472	29724616.4
3473	29724613.53
3474	29724603.47
3475	29724571.87
3476	29724570.43
3477	29724558.94
3478	29724553.19
3479	29724553.19
3480	29724546.01
3481	29724540.26
3482	29722247.33
3483	29722247.33
3484	29722247.33
3485	29722245.89
3486	29722237.27
3487	29722231.53
3488	29722067.74
3489	29718908.19
3490	29718603.56
3491	29718583.45
3492	29718560.46
3493	29718559.02
3494	29718557.58
3495	29718551.83
3496	29718551.83
3497	29718477.12
3498	29718472.8
3499	29718472.8
3500	29717560.35
3501	29717560.35
3502	29717554.6
3503	29710137.55
3504	29710131.8
3505	29710093
3506	29710091.56
3507	29710082.93
3508	29710067.12
3509	29710067.12
3510	29709886.02
3511	29708996.3
3512	29708990.55
3513	29708987.68
3514	29708064.87
3515	29708023.19
3516	29708021.75
3517	29708018.88
3518	29708020.31
3519	29708010.25
3520	29686557.68
3521	29686505.9
3522	29686501.58
3523	29686501.58
3524	29686501.58
3525	29683964.03
3526	29683955.4
3527	29677488.27
3528	29677485.39
3529	29677468.13
3530	29674852.1
3531	29674852.1
3532	29674842.03
3533	29674813.25
3534	29674811.81
3535	29674745.61
3536	29674712.51
3537	29674702.44
3538	29674398.8
3539	29674397.36
3540	29674393.05
3541	29674391.61
3542	29674390.17
3543	29674390.17
3544	29672634.48
3545	29672633.04
3546	29672633.04
3547	29672631.6
3548	29672614.33
3549	29672612.89
3550	29672612.89
3551	29672610.02
3552	29672610.02
3553	29672538.06
3554	29672535.18
3555	29672535.18
3556	29672532.3
3557	29672532.3
3558	29672527.99
3559	29672527.99
3560	29672097.68
3561	29671799.77
3562	29671694.71
3563	29671647.22
3564	29671647.22
3565	29671641.47
3566	29671641.47
3567	29671523.45
3568	29671522.01
3569	29671480.28
3570	29671477.4
3571	29671393.93
3572	29671393.93
3573	29671392.49
3574	29670439.73
3575	29670438.29
3576	29670426.77
3577	29670428.21
3578	29669951.82
3579	29669953.26
3580	29669911.52
3581	29669910.08
3582	29669902.89
3583	29669904.33
3584	29669901.45
3585	29669836.68
3586	29669810.77
3587	29669797.82
3588	29669758.96
3589	29669717.22
3590	29669717.22
3591	29669678.36
3592	29669676.92
3593	29669655.33
3594	29669571.85
3595	29669472.54
3596	29669462.47
3597	29669462.47
3598	29668503.89
3599	29668184.36
3600	29668182.92
3601	29668181.48
3602	29668157.01
3603	29667533.76
3604	29667486.26
3605	29667470.43
3606	29667456.04
3607	29667453.16
3608	29667450.28
3609	29661113.44
3610	29661110.56
3611	29661110.56
3612	29661107.68
3613	29661101.93
3614	29659876.72
3615	29659862.33
3616	29659860.89
3617	29659859.45
3618	29659595.97
3619	29659594.53
3620	29659590.21
3621	29659590.21
3622	29654150.29
3623	29654150.29
3624	29653811.88
3625	29653762.92
3626	29653764.36
3627	29653760.04
3628	29653667.87
3629	29653660.67
3630	29653656.35
3631	29653656.35
3632	29653483.55
3633	29648399.7
3634	29648396.82
3635	29648192.29
3636	29648030.98
3637	29648028.1
3638	29647705.46
3639	29647705.46
3640	29647463.48
3641	29647460.6
3642	29646988.16
3643	29646963.68
3644	29646963.68
3645	29646959.36
3646	29646952.16
3647	29646952.16
3648	29646950.71
3649	29646933.43
3650	29646900.3
3651	29646809.56
3652	29646809.56
3653	29642947.64
3654	29642486.65
3655	29642469.36
3656	29642470.8
3657	29642450.63
3658	29642388.69
3659	29642104.89
3660	29642103.45
3661	29642100.57
3662	29642100.57
3663	29642097.69
3664	29642076.08
3665	29642073.2
3666	29642068.87
3667	29642067.43
3668	29641828.29
3669	29641774.99
3670	29641774.99
3671	29638727.9
3672	29638580.94
3673	29638570.86
3674	29638563.65
3675	29638563.65
3676	29638560.77
3677	29638559.33
3678	29637236.66
3679	29637236.66
3680	29631030.27
3681	29630799.68
3682	29630778.07
3683	29630769.42
3684	29630766.54
3685	29630750.69
3686	29630737.71
3687	29629414.7
3688	29623079.81
3689	29623078.37
3690	29623075.49
3691	29623072.61
3692	29623043.77
3693	29610199.75
3694	29610196.87
3695	29610192.54
3696	29610191.1
3697	29610186.77
3698	29610185.33
3699	29610185.33
3700	29610183.89
3701	29610172.35
3702	29609084.94
3703	29609082.05
3704	29609079.17
3705	29609073.4
3706	29609067.63
3707	29608884.47
3708	29608880.14
3709	29608881.58
3710	29608878.7
3711	29608875.82
3712	29608808.03
3713	29608200.84
3714	29608200.84
3715	29608197.96
3716	29608197.96
3717	29608196.52
3718	29608133.06
3719	29608111.42
3720	29608108.54
3721	29608107.1
3722	29608108.54
3723	29608108.54
3724	29608092.67
3725	29608088.35
3726	29608088.35
3727	29608078.25
3728	29608075.37
3729	29608043.64
3730	29600690.03
3731	29595418.2
3732	29595415.31
3733	29595409.54
3734	29595027.17
3735	29594113.8
3736	29581961.67
3737	29581740.81
3738	29581736.48
3739	29581733.59
3740	29581733.59
3741	29581726.38
3742	29581698.95
3743	29581525.72
3744	29581524.28
3745	29581524.28
3746	29581522.83
3747	29581521.39
3748	29581517.06
3749	29581514.17
3750	29572861.63
3751	29572860.19
3752	29572844.3
3753	29572367.78
3754	29572337.46
3755	29572323.02
3756	29572321.58
3757	29568364.72
3758	29563994.23
3759	29563991.34
3760	29563982.67
3761	29563326.9
3762	29563324.01
3763	29563049.56
3764	29563042.34
3765	29563016.34
3766	29563013.45
3767	29562321.54
3768	29562315.77
3769	29562312.88
3770	29562305.65
3771	29562302.76
3772	29559855.68
3773	29559857.12
3774	29559847.01
3775	29559240.26
3776	29559159.36
3777	29558886.32
3778	29558884.88
3779	29558881.99
3780	29558766.41
3781	29558764.97
3782	29558476.03
3783	29558471.7
3784	29558470.25
3785	29558400.91
3786	29557548.53
3787	29557548.53
3788	29557545.64
3789	29557532.64
3790	29557408.39
3791	29557405.5
3792	29556681.67
3793	29553091.19
3794	29553089.74
3795	29553086.85
3796	29553062.29
3797	29553053.62
3798	29552484.3
3799	29552482.86
3800	29552477.08
3801	29552475.63
3802	29551821.05
3803	29551821.05
3804	29548669.3
3805	29548643.29
3806	29548633.17
3807	29545826.52
3808	29545825.07
3809	29545595.27
3810	29545592.38
3811	29545589.49
3812	29545495.54
3813	29545492.65
3814	29542250.61
3815	29542249.17
3816	29542221.7
3817	29542211.59
3818	29542207.25
3819	29542205.8
3820	29542201.47
3821	29533833.82
3822	29533832.37
3823	29533830.93
3824	29533830.93
3825	29533828.03
3826	29533738.39
3827	29533719.59
3828	29533680.55
3829	29530652.68
3830	29530652.68
3831	29530646.89
3832	29530644
3833	29530382.27
3834	29530380.82
3835	29530353.34
3836	29530302.73
3837	29530299.84
3838	29530298.39
3839	29530296.95
3840	29530227.54
3841	29530220.31
3842	29530094.5
3843	29530094.5
3844	29530054.01
3845	29530036.66
3846	29529918.08
3847	29529913.74
3848	29529913.74
3849	29529912.29
3850	29529900.72
3851	29529902.17
3852	29529902.17
3853	29529899.28
3854	29529899.28
3855	29529896.39
3856	29529608.61
3857	29529605.72
3858	29529604.27
3859	29529602.83
3860	29529602.83
3861	29529592.71
3862	29529183.46
3863	29529161.76
3864	29529151.64
3865	29529151.64
3866	29529005.58
3867	29529001.24
3868	29528999.8
3869	29529001.24
3870	29525972.89
3871	29524976.39
3872	29524893.95
3873	29524893.95
3874	29524891.05
3875	29524892.5
3876	29524891.05
3877	29524892.5
3878	29524891.05
3879	29524886.71
3880	29524888.16
3881	29524885.27
3882	29524797.04
3883	29524789.81
3884	29524789.81
3885	29524596
3886	29524596
3887	29524596
3888	29524596
3889	29524584.43
3890	29524584.43
3891	29524584.43
3892	29524312.52
3893	29524311.07
3894	29523664.54
3895	29521694.49
3896	29521387.83
3897	29521384.94
3898	29521380.6
3899	29521380.6
3900	29521376.26
3901	29521373.36
3902	29521364.69
3903	29521363.24
3904	29521361.79
3905	29521363.24
3906	29521345.88
3907	29521338.65
3908	29521337.2
3909	29521338.65
3910	29521338.65
3911	29521334.31
3912	29521306.83
3913	29521306.83
3914	29521305.38
3915	29521305.38
3916	29521306.83
3917	29521305.38
3918	29520950.98
3919	29520339.1
3920	29519518.89
3921	29517021.96
3922	29517021.96
3923	29517020.51
3924	29517021.96
3925	29517020.51
3926	29517019.07
3927	29517019.07
3928	29517016.17
3929	29517014.73
3930	29517014.73
3931	29516984.34
3932	29516981.45
3933	29516972.77
3934	29516004.9
3935	29516004.9
3936	29516003.45
3937	29515229.42
3938	29515204.83
3939	29515039.89
3940	29515031.21
3941	29515028.31
3942	29514953.08
3943	29514889.42
3944	29514887.97
3945	29514887.97
3946	29514887.97
3947	29514885.08
3948	29514883.63
3949	29514712.91
3950	29514710.01
3951	29514627.54
3952	29514348.3
3953	29514346.86
3954	29514343.96
3955	29514335.28
3956	29514333.83
3957	29513603.17
3958	29513604.61
3959	29513600.27
3960	29513527.93
3961	29513513.46
3962	29513510.57
3963	29513510.57
3964	29513507.67
3965	29513506.23
3966	29513504.78
3967	29513488.86
3968	29513426.65
3969	29513420.86
3970	29513409.28
3971	29513396.26
3972	29513380.35
3973	29513373.11
3974	29513374.56
3975	29513373.11
3976	29513182.12
3977	29513173.44
3978	29512952.06
3979	29512949.17
3980	29512940.49
3981	29512549.82
3982	29512549.82
3983	29512548.37
3984	29512494.83
3985	29512493.39
3986	29512491.94
3987	29512489.04
3988	29512292.26
3989	29511118.76
3990	29511115.87
3991	29511115.87
3992	29511115.87
3993	29511112.97
3994	29511095.61
3995	29511088.37
3996	29511084.03
3997	29511084.03
3998	29509346.12
3999	29509214.44
4000	29509205.75
4001	29509205.75
4002	29505424.24
4003	29505418.45
4004	29505142.02
4005	29505118.86
4006	29504742.56
4007	29504671.64
4008	29504535.59
4009	29504532.7
4010	29504487.83
4011	29504345.99
4012	29504341.65
4013	29504321.39
4014	29504314.15
4015	29504228.76
4016	29504169.41
4017	29504150.6
4018	29504086.92
4019	29504084.02
4020	29504085.47
4021	29503942.18
4022	29503774.29
4023	29503576
4024	29503557.18
4025	29489608.4
4026	29489602.6
4027	29489601.16
4028	29488500.61
4029	29488499.16
4030	29488493.37
4031	29488478.89
4032	29488473.09
4033	29488461.51
4034	29488394.89
4035	29488279.04
4036	29488271.8
4037	29488267.46
4038	29488135.68
4039	29488122.65
4040	29488045.9
4041	29488047.34
4042	29488038.65
4043	29488028.52
4044	29488025.62
4045	29488024.17
4046	29488016.93
4047	29488014.04
4048	29488012.59
4049	29488011.14
4050	29488006.8
4051	29488003.9
4052	29487999.55
4053	29487563.66
4054	29480032.25
4055	29480032.25
4056	29480029.35
4057	29480027.91
4058	29478647.42
4059	29478479.38
4060	29478479.38
4061	29476149.93
4062	29476122.4
4063	29476106.47
4064	29476103.57
4065	29476091.98
4066	29476078.94
4067	29476076.04
4068	29475848.59
4069	29475818.17
4070	29475816.72
4071	29475818.17
4072	29471628.11
4073	29471628.11
4074	29471626.67
4075	29471625.22
4076	29471328.18
4077	29471267.32
4078	29471168.79
4079	29471167.35
4080	29471168.79
4081	29471154.3
4082	29471154.3
4083	29470984.78
4084	29470771.77
4085	29470737
4086	29470677.59
4087	29470526.89
4088	29470515.3
4089	29470510.96
4090	29470508.06
4091	29470508.06
4092	29470499.36
4093	29470495.02
4094	29468779.35
4095	29468775
4096	29468773.55
4097	29468770.65
4098	29468240.28
4099	29468238.83
4100	29451193.79
4101	29450905.25
4102	29450313.66
4103	29450294.81
4104	29449820.65
4105	29449814.85
4106	29449814.85
4107	29449814.85
4108	29449811.95
4109	29449811.95
4110	29449809.05
4111	29449809.05
4112	29449806.15
4113	29449806.15
4114	29449742.35
4115	29449739.45
4116	29449739.45
4117	29449726.4
4118	29449722.05
4119	29449184.09
4120	29449165.24
4121	29444659.58
4122	29443773.45
4123	29443769.1
4124	29443767.65
4125	29443766.2
4126	29443767.65
4127	29443761.85
4128	29443760.4
4129	29443757.5
4130	29440964.06
4131	29440948.1
4132	29440945.2
4133	29440943.75
4134	29440943.75
4135	29438657.74
4136	29438659.19
4137	29438654.84
4138	29438654.84
4139	29438437.25
4140	29438421.3
4141	29438415.5
4142	29438415.5
4143	29438415.5
4144	29438411.14
4145	29437250.66
4146	29437250.66
4147	29437250.66
4148	29437249.21
4149	29437178.12
4150	29437166.52
4151	29437163.62
4152	29437160.72
4153	29437160.72
4154	29435701.33
4155	29435701.33
4156	29434833.79
4157	29434681.46
4158	29434680.01
4159	29434680.01
4160	29434674.21
4161	29434613.28
4162	29433927.06
4163	29433903.84
4164	29433902.39
4165	29433134.91
4166	29433105.89
4167	29433104.44
4168	29413292.32
4169	29413292.32
4170	29413287.97
4171	29413285.06
4172	29413272
4173	29413270.55
4174	29413270.55
4175	29412978.73
4176	29412977.28
4177	29412975.82
4178	29412913.4
4179	29412913.4
4180	29412911.94
4181	29412907.59
4182	29412843.71
4183	29412756.6
4184	29412753.69
4185	29412630.29
4186	29412601.25
4187	29412599.8
4188	29412601.25
4189	29412593.99
4190	29412505.43
4191	29412502.52
4192	29412499.62
4193	29411914.51
4194	29411844.82
4195	29411766.42
4196	29411763.52
4197	29410527.93
4198	29410413.22
4199	29410411.77
4200	29410411.77
4201	29410408.87
4202	29410408.87
4203	29410392.9
4204	29410385.64
4205	29410385.64
4206	29410385.64
4207	29410382.73
4208	29410382.73
4209	29410307.23
4210	29410305.78
4211	29410304.33
4212	29410304.33
4213	29410301.42
4214	29410288.35
4215	29410269.48
4216	29407504.8
4217	29407324.74
4218	29407324.74
4219	29407324.74
4220	29407008.18
4221	29407006.72
4222	29407005.27
4223	29406196.42
4224	29406176.09
4225	29406165.93
4226	29406167.38
4227	29406165.93
4228	29406163.02
4229	29406160.12
4230	29406158.67
4231	29406158.67
4232	29406158.67
4233	29406155.76
4234	29406154.31
4235	29405728.82
4236	29405640.24
4237	29405630.07
4238	29404058.75
4239	29404058.75
4240	29404058.75
4241	29404057.3
4242	29404055.85
4243	29404057.3
4244	29404019.54
4245	29403691.32
4246	29403669.54
4247	29403668.09
4248	29403514.14
4249	29403515.6
4250	29403514.14
4251	29403508.33
4252	29403509.79
4253	29403511.24
4254	29403509.79
4255	29403502.53
4256	29397448.7
4257	29397392.05
4258	29397342.66
4259	29397230.81
4260	29397229.36
4261	29397217.74
4262	29397213.38
4263	29396128.26
4264	29396128.26
4265	29396123.9
4266	29395420.8
4267	29395401.92
4268	29395400.46
4269	29395397.56
4270	29395397.56
4271	29395388.84
4272	29395390.29
4273	29395388.84
4274	29393353.53
4275	29393325.93
4276	29392242.12
4277	29392231.95
4278	29391713.27
4279	29391647.89
4280	29391644.98
4281	29391643.53
4282	29391644.98
4283	29391643.53
4284	29391643.53
4285	29391642.08
4286	29391640.63
4287	29391637.72
4288	29391639.17
4289	29391636.27
4290	29391636.27
4291	29391636.27
4292	29391631.91
4293	29391629
4294	29391629
4295	29391629
4296	29391629
4297	29391627.55
4298	29391629
4299	29391624.64
4300	29391607.21
4301	29391594.13
4302	29391592.68
4303	29391592.68
4304	29391592.68
4305	29391358.76
4306	29391091.43
4307	29388675.13
4308	29388675.13
4309	29388672.22
4310	29388608.29
4311	29388595.21
4312	29388561.79
4313	29388561.79
4314	29388518.2
4315	29388515.29
4316	29388513.84
4317	29388512.39
4318	29388502.22
4319	29388451.36
4320	29388441.19
4321	29388404.86
4322	29388403.41
4323	29388403.41
4324	29388401.96
4325	29388396.14
4326	29384939.14
4327	29384936.23
4328	29384936.23
4329	29384936.23
4330	29384705.17
4331	29384705.17
4332	29384703.71
4333	29382334.85
4334	29382333.4
4335	29381667.75
4336	29381627.06
4337	29381621.25
4338	29381618.34
4339	29381589.27
4340	29381502.07
4341	29381499.16
4342	29381491.9
4343	29381452.65
4344	29381436.67
4345	29381436.67
4346	29381430.85
4347	29381432.31
4348	29381427.95
4349	29381429.4
4350	29381427.95
4351	29381352.37
4352	29381350.92
4353	29381345.1
4354	29380112.59
4355	29380109.69
4356	29380105.33
4357	29380103.87
4358	29380098.06
4359	29380098.06
4360	29376422.03
4361	29376362.43
4362	29376359.52
4363	29367972.25
4364	29367967.89
4365	29367959.16
4366	29367848.65
4367	29367573.83
4368	29367541.84
4369	29366499.25
4370	29366497.79
4371	29366499.25
4372	29366121.17
4373	29366073.18
4374	29366065.91
4375	29366055.73
4376	29366048.46
4377	29366015.02
4378	29366012.11
4379	29366012.11
4380	29363334.88
4381	29361474.79
4382	29361466.06
4383	29361461.7
4384	29361150.46
4385	29361115.55
4386	29361112.65
4387	29361109.74
4388	29361099.56
4389	29361051.56
4390	29361038.47
4391	29361025.38
4392	29361013.75
4393	29337276.99
4394	29337268.26
4395	29337077.58
4396	29336948.03
4397	29336255.16
4398	29336253.7
4399	29335397.78
4400	29335397.78
4401	29335396.32
4402	29335313.35
4403	29335304.61
4404	29335297.33
4405	29335295.88
4406	29332183.47
4407	29332026.24
4408	29332018.96
4409	29322857.37
4410	29322790.38
4411	29322780.19
4412	29322484.55
4413	29322066.59
4414	29322063.68
4415	29322063.68
4416	29322062.22
4417	29322060.76
4418	29322012.7
4419	29322009.79
4420	29320748.57
4421	29320734.01
4422	29320734.01
4423	29320732.55
4424	29320716.53
4425	29320713.62
4426	29320713.62
4427	29320690.32
4428	29320687.41
4429	29320687.41
4430	29320684.49
4431	29320684.49
4432	29316319.32
4433	29316178.03
4434	29307267.93
4435	29307129.51
4436	29307119.31
4437	29307100.37
4438	29305487.34
4439	29305485.88
4440	29305475.68
4441	29305474.22
4442	29305464.02
4443	29298754.48
4444	29298744.28
4445	29298723.87
4446	29298718.04
4447	29298624.76
4448	29298620.39
4449	29298618.93
4450	29298617.48
4451	29298611.65
4452	29298608.73
4453	29298416.34
4454	29288633.34
4455	29288037.02
4456	29287755.61
4457	29287752.7
4458	29286363.15
4459	29286170.68
4460	29286164.85
4461	29286163.39
4462	29258597.74
4463	29258597.74
4464	29258596.28
4465	29258593.36
4466	29256109.2
4467	29255246.55
4468	29255246.55
4469	29255243.63
4470	29254151.78
4471	29254140.1
4472	29254137.18
4473	29254137.18
4474	29254125.51
4475	29254125.51
4476	29254102.15
4477	29254091.93
4478	29254090.47
4479	29254040.84
4480	29254037.92
4481	29252019.06
4482	29250442.4
4483	29250440.94
4484	29250429.27
4485	29249870.12
4486	29249870.12
4487	29249862.82
4488	29249642.37
4489	29249582.51
4490	29249071.52
4491	29249071.52
4492	29249061.3
4493	29249059.84
4494	29249042.32
4495	29249033.56
4496	29249029.18
4497	29248107.93
4498	29248107.93
4499	29248105.01
4500	29248103.55
4501	29248102.09
4502	29248078.73
4503	29248078.73
4504	29248075.81
4505	29248075.81
4506	29248008.65
4507	29247964.84
4508	29247960.46
4509	29247960.46
4510	29247904.98
4511	29247902.06
4512	29247704.96
4513	29247704.96
4514	29247694.74
4515	29247659.7
4516	29247497.63
4517	29247496.17
4518	29247491.79
4519	29247484.49
4520	29247475.73
4521	29244285.35
4522	29244276.59
4523	29244149.55
4524	29244148.09
4525	29244145.17
4526	29244139.33
4527	29244133.48
4528	29244126.18
4529	29244120.34
4530	29244118.88
4531	29244113.04
4532	29243504.12
4533	29243346.42
4534	29243296.77
4535	29243298.23
4536	29243299.69
4537	29242776.91
4538	29242773.99
4539	29242759.39
4540	29242680.53
4541	29242649.87
4542	29242638.18
4543	29242638.18
4544	29242332.98
4545	29242312.54
4546	29242314
4547	29242280.41
4548	29225465.95
4549	29225442.57
4550	29225439.65
4551	29225430.88
4552	29225429.42
4553	29225407.5
4554	29223057.87
4555	29223057.87
4556	29222983.35
4557	29222977.5
4558	29220458.15
4559	29220450.85
4560	29220450.85
4561	29220447.93
4562	29220415.77
4563	29220407.01
4564	29220401.16
4565	29220399.7
4566	29220399.7
4567	29220395.31
4568	29220335.4
4569	29220333.94
4570	29220314.94
4571	29219951.04
4572	29219951.04
4573	29219932.05
4574	29219929.12
4575	29219910.12
4576	29219905.74
4577	29219904.28
4578	29219904.28
4579	29217595.13
4580	29217593.67
4581	29217593.67
4582	29217593.67
4583	29217584.9
4584	29217584.9
4585	29217580.52
4586	29217583.44
4587	29217576.13
4588	29217577.59
4589	29217574.67
4590	29217571.75
4591	29217571.75
4592	29217524.98
4593	29217410.98
4594	29217410.98
4595	29217410.98
4596	29215708.22
4597	29214622.2
4598	29214616.35
4599	29214616.35
4600	29214607.58
4601	29214606.12
4602	29214557.88
4603	29214557.88
4604	29214557.88
4605	29214557.88
4606	29214489.18
4607	29214487.72
4608	29214484.8
4609	29214483.34
4610	29214345.94
4611	29214341.55
4612	29214315.24
4613	29214313.78
4614	29213404.58
4615	29213403.12
4616	29213403.12
4617	29213403.12
4618	29213401.66
4619	29213395.81
4620	29213392.89
4621	29213391.43
4622	29213389.97
4623	29212625.46
4624	29212616.69
4625	29212609.38
4626	29212575.76
4627	29212571.37
4628	29212559.68
4629	29212559.68
4630	29212556.75
4631	29211752.76
4632	29211624.11
4633	29211622.65
4634	29211526.17
4635	29211359.52
4636	29211356.6
4637	29211356.6
4638	29211352.21
4639	29211350.75
4640	29211344.9
4641	29211343.44
4642	29211340.52
4643	29211178.25
4644	29211175.32
4645	29211173.86
4646	29206184.09
4647	29206182.63
4648	29206182.63
4649	29206184.09
4650	29206169.47
4651	29206166.55
4652	29205129.89
4653	29205131.35
4654	29205126.96
4655	29205119.65
4656	29205118.19
4657	29205115.27
4658	29205115.27
4659	29203821.22
4660	29203816.83
4661	29203803.67
4662	29203803.67
4663	29203800.75
4664	29203799.28
4665	29203758.34
4666	29203717.4
4667	29200096.67
4668	29200096.67
4669	29200098.13
4670	29200096.67
4671	29200073.27
4672	29200064.5
4673	29200063.04
4674	29200058.65
4675	29200060.11
4676	29200055.72
4677	29199678.42
4678	29199625.77
4679	29177017.88
4680	29177014.95
4681	29177013.49
4682	29176995.93
4683	29176960.8
4684	29175817.72
4685	29175795.77
4686	29175681.6
4687	29175604.03
4688	29175604.03
4689	29175601.1
4690	29175595.25
4691	29175593.79
4692	29175535.24
4693	29175535.24
4694	29175533.78
4695	29174841.46
4696	29174842.92
4697	29174841.46
4698	29174838.53
4699	29174841.46
4700	29174838.53
4701	29163016.88
4702	29163012.48
4703	29129250.09
4704	29129087.36
4705	29129075.63
4706	29122583.53
4707	29122511.68
4708	29122510.21
4709	29122303.46
4710	29122300.53
4711	29122199.35
4712	29122115.77
4713	29110951.88
4714	29110926.95
4715	29110894.67
4716	29110893.21
4717	29108582.75
4718	29108556.34
4719	29108554.87
4720	29108551.94
4721	29108528.47
4722	29107954.86
4723	29107928.45
4724	29107919.65
4725	29107271.2
4726	29107268.27
4727	29107262.4
4728	29107260.93
4729	29107260.93
4730	29107237.46
4731	29107234.53
4732	29107200.78
4733	29107187.58
4734	29106898.56
4735	29106895.63
4736	29106895.63
4737	29106894.16
4738	29106521.51
4739	29106520.05
4740	29106517.11
4741	29104774.12
4742	29104772.65
4743	29104769.72
4744	29103446.27
4745	29103446.27
4746	29103362.63
4747	29103355.29
4748	29103267.26
4749	29103258.45
4750	29103256.99
4751	29103255.52
4752	29103256.99
4753	29103255.52
4754	29102816.8
4755	29102715.55
4756	29102381
4757	29102379.54
4758	29102378.07
4759	29102376.6
4760	29102373.67
4761	29102375.13
4762	29102373.67
4763	29102348.72
4764	29102138.89
4765	29102137.43
4766	29102066.99
4767	29102065.53
4768	29102064.06
4769	29102064.06
4770	29102062.59
4771	29101629.72
4772	29101466.84
4773	29101466.84
4774	29101458.04
4775	29101441.9
4776	29101421.35
4777	29091911.19
4778	29091908.25
4779	29091908.25
4780	29089158.82
4781	29089141.21
4782	29089009.09
4783	29089007.62
4784	29088988.54
4785	29088891.65
4786	29088040.19
4787	29088035.78
4788	29087959.45
4789	29087216.6
4790	29087212.19
4791	29087182.83
4792	29087094.75
4793	29087094.75
4794	29087094.75
4795	29087085.94
4796	29087084.47
4797	29086576.5
4798	29086576.5
4799	29086570.63
4800	29086491.35
4801	29078350.89
4802	29071064.54
4803	29071066.01
4804	29070792.79
4805	29069107.88
4806	29068050.18
4807	29068048.71
4808	29067741.67
4809	29067738.73
4810	29067737.26
4811	29067666.75
4812	29065598.21
4813	29065596.74
4814	29065586.45
4815	29064462.5
4816	29064446.34
4817	29064447.81
4818	29063325.29
4819	29063323.82
4820	29063315
4821	29063310.59
4822	29063309.12
4823	29061758.97
4824	29061751.62
4825	29061748.68
4826	29061731.05
4827	29061731.05
4828	29061723.7
4829	29061686.97
4830	29061682.56
4831	29061681.09
4832	29059503.38
4833	29059504.85
4834	29059027.26
4835	29058717.19
4836	29058712.78
4837	29054819.72
4838	29054819.72
4839	29054813.84
4840	29054775.63
4841	29054640.41
4842	29054637.47
4843	29054633.07
4844	29054615.43
4845	29054612.49
4846	29054580.15
4847	29054563.99
4848	29054524.3
4849	29054524.3
4850	29054405.25
4851	29054128.94
4852	29054128.94
4853	29054127.47
4854	29054126
4855	29054086.32
4856	29054045.16
4857	29054045.16
4858	29050508.68
4859	29050489.57
4860	29050491.04
4861	29050476.34
4862	29050474.87
4863	29050460.17
4864	29050170.59
4865	29050122.08
4866	29050117.67
4867	29050117.67
4868	29050083.86
4869	29050083.86
4870	29050080.92
4871	29049390.02
4872	29049388.55
4873	29049385.61
4874	29049385.61
4875	29049348.86
4876	29049348.86
4877	29049322.4
4878	29049322.4
4879	29049322.4
4880	29049320.93
4881	29049320.93
4882	29049310.64
4883	29049310.64
4884	29049310.64
4885	29047224.62
4886	29047151.12
4887	29046201.4
4888	29046196.99
4889	29046196.99
4890	29046192.58
4891	29033622.86
4892	29033619.92
4893	29033618.45
4894	29033616.98
4895	29033611.1
4896	28994994.42
4897	28994992.95
4898	28994982.64
4899	28994979.69
4900	28994969.38
4901	28994966.44
4902	28994962.02
4903	28994954.65
4904	28994274.23
4905	28994271.28
4906	28992777.82
4907	28992349.21
4908	28992337.43
4909	28992330.07
4910	28992316.81
4911	28992303.55
4912	28990746.66
4913	28990737.82
4914	28990736.34
4915	28990564
4916	28990558.11
4917	28990519.82
4918	28990282.66
4919	28985777.87
4920	28985773.45
4921	28985770.5
4922	28985757.24
4923	28985742.51
4924	28985741.04
4925	28985741.04
4926	28985095.75
4927	28985073.65
4928	28985064.81
4929	28985042.71
4930	28984949.9
4931	28984927.8
4932	28984892.44
4933	28984889.49
4934	28984880.65
4935	28984879.18
4936	28984858.56
4937	28984736.27
4938	28984724.49
4939	28984715.65
4940	28984605.15
4941	28984597.78
4942	28984593.36
4943	28984590.42
4944	28984588.94
4945	28984513.81
4946	28984416.57
4947	28983933.32
4948	28983931.85
4949	28983766.83
4950	28983741.79
4951	28983728.53
4952	28983672.54
4953	28983669.59
4954	28983663.7
4955	28983646.02
4956	28983625.39
4957	28983607.71
4958	28983445.65
4959	28983444.17
4960	28983441.23
4961	28983436.81
4962	28983439.75
4963	28983373.45
4964	28983354.3
4965	28983352.82
4966	28983351.35
4967	28983349.88
4968	28983346.93
4969	28983317.46
4970	28982928.49
4971	28982919.65
4972	28982893.13
4973	28978944.21
4974	28978944.21
4975	28978941.26
4976	28978942.73
4977	28978932.42
4978	28978932.42
4979	28978829.27
4980	28978829.27
4981	28978609.7
4982	28978574.34
4983	28978569.92
4984	28978525.71
4985	28978525.71
4986	28978522.76
4987	28978518.34
4988	28978518.34
4989	28978412.24
4990	28978409.29
4991	28978397.5
4992	28978325.3
4993	28978036.47
4994	28977687.22
4995	28977581.11
4996	28969043
4997	28969041.53
4998	28969015
4999	28968729.02
5000	28968616.99
5001	28968616.99
5002	28968389.98
5003	28968382.61
5004	28968317.75
5005	28968311.85
5006	28968180.65
5007	28968180.65
5008	28968177.7
5009	28968173.28
5010	28968143.8
5011	28968133.48
5012	28968064.2
5013	28968002.28
5014	28967296.16
5015	28967281.42
5016	28965404.74
5017	28965403.26
5018	28965361.98
5019	28965336.92
5020	28965289.74
5021	28963869.98
5022	28963862.61
5023	28963856.71
5024	28963850.82
5025	28963802.16
5026	28961410.67
5027	28961410.67
5028	28961339.89
5029	28958737.33
5030	28958738.8
5031	28958735.85
5032	28958691.61
5033	28958688.66
5034	28958668.02
5035	28958604.61
5036	28958600.19
5037	28958595.76
5038	28958134.2
5039	28958117.98
5040	28958048.68
5041	28955708.32
5042	28955599.19
5043	28955454.66
5044	28954990.1
5045	28954985.68
5046	28954906.04
5047	28953640.63
5048	28953441.52
5049	28953317.63
5050	28953310.26
5051	28953276.34
5052	28953274.86
5053	28953268.96
5054	28953171.62
5055	28953167.19
5056	28953167.19
5057	28953100.82
5058	28953025.6
5059	28953010.86
5060	28953006.43
5061	28944424.19
5062	28944419.76
5063	28944390.26
5064	28940357.87
5065	28940351.97
5066	28940350.49
5067	28940329.84
5068	28940312.13
5069	28940281.14
5070	28940278.19
5071	28940242.78
5072	28940241.3
5073	28940238.35
5074	28940230.98
5075	28940226.55
5076	28940223.6
5077	28939907.83
5078	28939628.94
5079	28939624.52
5080	28939621.57
5081	28939434.17
5082	28939429.74
5083	28939425.31
5084	28936844.39
5085	28936845.86
5086	28936844.39
5087	28936831.11
5088	28936828.15
5089	28936789.79
5090	28936677.63
5091	28934804.86
5092	28934800.44
5093	28934797.49
5094	28934683.85
5095	28934680.89
5096	28934570.21
5097	28934272.09
5098	28934272.09
5099	28934217.48
5100	28933383.61
5101	28933379.18
5102	28933368.85
5103	28933053
5104	28933051.53
5105	28933047.1
5106	28933047.1
5107	28933027.91
5108	28933011.68
5109	28924517.99
5110	28924509.13
5111	28924506.18
5112	28924450.08
5113	28923716.32
5114	28923714.84
5115	28923646.93
5116	28923624.78
5117	28923624.78
5118	28923584.92
5119	28922244.32
5120	28922236.93
5121	28922232.51
5122	28922231.03
5123	28915956.83
5124	28915955.35
5125	28915955.35
5126	28915953.87
5127	28915952.4
5128	28915918.43
5129	28915916.96
5130	28915912.52
5131	28915912.52
5132	28915912.52
5133	28915909.57
5134	28915803.24
5135	28915800.29
5136	28915801.77
5137	28915744.17
5138	28915741.22
5139	28915742.69
5140	28915736.79
5141	28915735.31
5142	28915708.73
5143	28902783.81
5144	28902501.62
5145	28902497.18
5146	28902497.18
5147	28902497.18
5148	28902497.18
5149	28902497.18
5150	28902473.55
5151	28902448.43
5152	28900988.64
5153	28900970.91
5154	28900397.61
5155	28900258.72
5156	28900152.33
5157	28900147.9
5158	28899991.27
5159	28899924.78
5160	28899921.83
5161	28899617.44
5162	28899615.96
5163	28899318.96
5164	28899282.01
5165	28899274.63
5166	28899258.37
5167	28899160.85
5168	28899156.41
5169	28899013.08
5170	28899011.6
5171	28898852.02
5172	28893243.74
5173	28893240.78
5174	28893240.78
5175	28893184.62
5176	28893082.64
5177	28892557.96
5178	28892552.05
5179	28892351.04
5180	28892250.54
5181	28892247.58
5182	28892172.2
5183	28889344.64
5184	28889236.73
5185	28889223.43
5186	28889017.97
5187	28889016.49
5188	28889010.58
5189	28889007.62
5190	28861935.6
5191	28861935.6
5192	28861917.84
5193	28861740.3
5194	28861741.78
5195	28861741.78
5196	28861738.82
5197	28861587.9
5198	28861579.02
5199	28861577.54
5200	28861579.02
5201	28861333.41
5202	28861333.41
5203	28861321.58
5204	28860746.01
5205	28860701.62
5206	28860698.66
5207	28860695.7
5208	28860688.31
5209	28860677.95
5210	28860487.08
5211	28860410.14
5212	28860309.52
5213	28860294.73
5214	28860291.77
5215	28860293.25
5216	28860189.67
5217	28860164.52
5218	28860139.36
5219	28860134.92
5220	28860130.49
5221	28860129.01
5222	28860126.05
5223	28860120.13
5224	28860117.17
5225	28860055.02
5226	28859991.4
5227	28859988.44
5228	28859976.6
5229	28859973.64
5230	28859963.28
5231	28859955.89
5232	28859732.46
5233	28859603.73
5234	28857557.26
5235	28857555.78
5236	28857551.35
5237	28856881
5238	28856703.42
5239	28856700.46
5240	28856661.98
5241	28856654.59
5242	28856626.47
5243	28856623.51
5244	28856602.79
5245	28855793.31
5246	28855747.44
5247	28855745.96
5248	28855612.77
5249	28855572.81
5250	28845322.82
5251	28845185.14
5252	28845149.61
5253	28845151.09
5254	28845148.13
5255	28845137.77
5256	28845097.8
5257	28845031.18
5258	28845022.3
5259	28845022.3
5260	28844890.54
5261	28844889.06
5262	28844883.14
5263	28844880.18
5264	28844877.22
5265	28844834.28
5266	28844818
5267	28844758.78
5268	28844746.94
5269	28844741.02
5270	28844726.21
5271	28844723.25
5272	28844721.77
5273	28844723.25
5274	28844718.81
5275	28844579.65
5276	28844578.17
5277	28844572.25
5278	28844031.88
5279	28844031.88
5280	28842370.74
5281	28842370.74
5282	28842358.9
5283	28842358.9
5284	28842355.93
5285	28841572.71
5286	28840666.57
5287	28840656.2
5288	28840656.2
5289	28840657.68
5290	28840562.92
5291	28840554.04
5292	28840554.04
5293	28840552.56
5294	28840545.15
5295	28840545.15
5296	28840519.98
5297	28840518.5
5298	28840519.98
5299	28840496.29
5300	28840496.29
5301	28840188.31
5302	28840186.83
5303	28840108.36
5304	28840099.47
5305	28840097.99
5306	28834907.76
5307	28834888.51
5308	28834795.21
5309	28834780.4
5310	28834770.03
5311	28834770.03
5312	28834749.3
5313	28834664.89
5314	28834624.9
5315	28834073.98
5316	28834044.36
5317	28833527.49
5318	28833518.61
5319	28832161.97
5320	28830971.15
5321	28830969.67
5322	28825487.44
5323	28825426.7
5324	28825374.85
5325	28825365.96
5326	28825102.27
5327	28825100.78
5328	28825077.08
5329	28821671.04
5330	28821669.55
5331	28821663.63
5332	28821657.7
5333	28821604.36
5334	28821589.55
5335	28821580.66
5336	28821579.18
5337	28821580.66
5338	28821571.77
5339	28821490.28
5340	28821450.27
5341	28819497.42
5342	28819110.68
5343	28811149.61
5344	28811142.19
5345	28811142.19
5346	28811140.71
5347	28810273.63
5348	28810272.15
5349	28810269.19
5350	28810270.67
5351	28810267.71
5352	28810258.81
5353	28809922.35
5354	28809923.83
5355	28799761.38
5356	28799721.35
5357	28785656.99
5358	28785625.84
5359	28785616.94
5360	28785613.97
5361	28785600.62
5362	28785551.67
5363	28784849.97
5364	28784790.63
5365	28784789.15
5366	28784786.18
5367	28784752.06
5368	28784480.57
5369	28783093.44
5370	28783094.92
5371	28783091.95
5372	28783087.5
5373	28783084.53
5374	28783083.05
5375	28782186.94
5376	28782183.97
5377	28781366.47
5378	28781362.01
5379	28781324.92
5380	28781320.47
5381	28781321.95
5382	28780468.82
5383	28770040.67
5384	28770036.22
5385	28770034.73
5386	28770034.73
5387	28770019.89
5388	28770018.4
5389	28770016.92
5390	28769959.03
5391	28769905.6
5392	28769905.6
5393	28769890.76
5394	28769869.98
5395	28769858.1
5396	28768971.97
5397	28768970.48
5398	28768966.03
5399	28768964.55
5400	28767331.73
5401	28767241.18
5402	28767224.85
5403	28767202.59
5404	28767126.88
5405	28767126.88
5406	28765372.23
5407	28765372.23
5408	28765366.29
5409	28765357.38
5410	28764598.78
5411	28764589.88
5412	28764580.97
5413	28764543.85
5414	28764533.46
5415	28764530.49
5416	28764526.04
5417	28764502.29
5418	28764434
5419	28764417.67
5420	28763958.93
5421	28763955.96
5422	28763866.89
5423	28763865.4
5424	28763862.43
5425	28763850.56
5426	28763843.13
5427	28763841.65
5428	28763840.16
5429	28763831.26
5430	28763369.54
5431	28763368.06
5432	28763368.06
5433	28763365.09
5434	28763363.6
5435	28763360.63
5436	28763322.03
5437	28761014.83
5438	28760958.41
5439	28760948.02
5440	28760918.32
5441	28760818.84
5442	28760749.06
5443	28760747.58
5444	28760740.15
5445	28760700.06
5446	28760694.12
5447	28760648.1
5448	28760633.25
5449	28759068.26
5450	28759050.44
5451	28759050.44
5452	28759040.05
5453	28757020.59
5454	28757020.59
5455	28756860.21
5456	28756829.03
5457	28756799.33
5458	28756788.93
5459	28756781.51
5460	28756441.45
5461	28756344.93
5462	28756340.47
5463	28756330.08
5464	28756327.11
5465	28756319.68
5466	28756318.2
5467	28756307.8
5468	28756279.59
5469	28752079.73
5470	28752011.41
5471	28752002.5
5472	28752001.01
5473	28751999.53
5474	28751993.58
5475	28751990.61
5476	28751989.13
5477	28750989.56
5478	28750625.67
5479	28750624.19
5480	28750591.51
5481	28750566.26
5482	28750560.32
5483	28750555.86
5484	28750555.86
5485	28750517.25
5486	28750440.01
5487	28750440.01
5488	28750437.04
5489	28750435.56
5490	28750429.61
5491	28750413.28
5492	28750401.39
5493	28750398.42
5494	28750393.97
5495	28750392.48
5496	28750392.48
5497	28750391
5498	28750388.03
5499	28750353.86
